Year,Entity,Gini_equiv_disposable,Top_10_share_equiv_disposable,Bottom_50_share_equiv_disposable,Gini_equiv_market,Top_10_share_equiv_market,Bottom_50_share_equiv_market,Gini_percap_disposable,Top_10_share_percap_disposable,Bottom_50_share_percap_disposable,Gini_percap_market,Top_10_share_percap_market,Bottom_50_share_percap_market
1981,Australia,28.199999999999996,20.7114,30.179,40.400000000000006,25.3814,21.8905,31.3,23.3191,28.4171,31.3,23.3191,28.4171
1985,Australia,29.299999999999997,21.633,29.527499999999996,43.7,27.6839,19.7606,32.5,24.2772,27.7783,32.5,24.2772,27.7783
1989,Australia,30.4,22.4356,28.8189,43.1,27.752,20.1667,33.1,24.6904,27.302799999999998,33.1,24.6904,27.302799999999998
1995,Australia,31.1,22.7384,28.240099999999998,47.0,29.0784,17.0353,32.9,24.6306,27.5334,32.9,24.6306,27.5334
2001,Australia,32.0,23.5894,27.7841,48.1,30.1565,16.2782,33.7,25.1233,26.9225,33.7,25.1233,26.9225
2003,Australia,31.6,23.0152,28.008499999999998,46.9,29.1615,17.1217,33.7,25.1594,26.9625,33.7,25.1594,26.9625
2004,Australia,31.1,23.5554,28.6207,45.7,29.0491,18.3739,32.7,25.0199,27.7169,32.7,25.0199,27.7169
2008,Australia,33.5,25.7203,27.3298,46.9,31.2839,18.0212,35.5,27.4164,26.167900000000003,35.5,27.4164,26.167900000000003
2010,Australia,33.300000000000004,24.8845,27.1446,47.3,30.3982,17.1927,34.9,26.3605,26.3001,34.9,26.3605,26.3001
2014,Australia,32.9,25.5024,27.78,48.1,32.6434,17.459200000000003,34.2,26.7302,27.118299999999998,34.2,26.7302,27.118299999999998
2016,Australia,32.6,24.7741,27.732,45.9,30.7677,18.7156,33.7,25.8249,27.181199999999997,33.7,25.8249,27.181199999999997
2018,Australia,32.9,25.1997,27.7172,46.9,31.7626,18.2276,34.2,26.4557,27.017500000000002,34.2,26.4557,27.017500000000002
1994,Austria,27.800000000000004,21.777,31.069000000000003,43.8,27.268,19.503300000000003,30.8,24.003,29.1101,30.8,24.003,29.1101
1995,Austria,26.6,21.1158,31.8506,43.7,27.6185,19.7262,29.9,23.3414,29.6358,29.9,23.3414,29.6358
1996,Austria,25.8,20.3351,32.064,43.5,27.1217,19.517,29.299999999999997,23.1278,30.0955,29.299999999999997,23.1278,30.0955
1997,Austria,25.5,20.0592,32.3206,43.4,26.7349,19.584699999999998,29.099999999999998,22.644,30.3816,29.099999999999998,22.644,30.3816
1998,Austria,27.500000000000004,22.2563,31.4371,44.9,28.5377,18.8182,31.3,24.9982,29.0709,31.3,24.9982,29.0709
1999,Austria,26.200000000000003,21.2059,32.078199999999995,44.0,27.4915,19.3987,29.7,23.7468,29.805699999999998,29.7,23.7468,29.805699999999998
2000,Austria,25.4,20.6036,32.7149,43.6,27.2789,19.7973,28.9,22.9367,30.2479,28.9,22.9367,30.2479
2003,Austria,26.5,21.3393,31.887999999999998,45.1,28.4883,18.6745,29.599999999999998,23.5392,30.0162,29.599999999999998,23.5392,30.0162
2004,Austria,26.8,22.0364,31.907,45.6,28.9304,18.4123,29.9,23.8801,29.809800000000003,29.9,23.8801,29.809800000000003
2005,Austria,26.0,21.0588,32.2278,46.2,28.376,17.5347,28.799999999999997,22.868,30.3678,28.799999999999997,22.868,30.3678
2006,Austria,26.8,21.7931,31.7895,47.699999999999996,29.7501,16.669800000000002,29.7,23.7801,29.9291,29.7,23.7801,29.9291
2007,Austria,28.4,22.1949,30.625999999999998,48.6,30.7191,16.0955,30.599999999999998,23.8709,29.238599999999998,30.599999999999998,23.8709,29.238599999999998
2008,Austria,28.000000000000004,22.2378,30.9866,49.0,31.1528,15.9883,30.4,24.1139,29.5302,30.4,24.1139,29.5302
2009,Austria,28.9,22.9112,30.447,50.6,32.3594,14.9424,31.4,24.7046,28.861900000000002,31.4,24.7046,28.861900000000002
2010,Austria,28.000000000000004,22.1773,30.9118,49.8,30.9039,15.0692,30.3,23.6672,29.3688,30.3,23.6672,29.3688
2011,Austria,28.199999999999996,22.2599,30.825200000000002,49.6,31.0864,15.2284,30.9,23.8736,28.952199999999998,30.9,23.8736,28.952199999999998
2012,Austria,27.700000000000003,21.7198,31.1267,49.5,30.7545,15.198500000000001,30.599999999999998,23.6161,29.188000000000002,30.599999999999998,23.6161,29.188000000000002
2013,Austria,28.000000000000004,22.4941,31.018699999999995,49.7,31.1161,15.1641,31.1,24.4794,29.0872,31.1,24.4794,29.0872
2014,Austria,27.500000000000004,22.1878,31.4116,49.5,31.0075,15.3305,30.7,24.2447,29.302799999999998,30.7,24.2447,29.302799999999998
2015,Austria,27.6,22.0004,31.259500000000003,49.7,31.0976,15.1204,30.8,24.0319,29.1982,30.8,24.0319,29.1982
2016,Austria,28.499999999999996,22.4421,30.7155,50.3,31.8777,14.940999999999999,31.0,24.0239,29.0026,31.0,24.0239,29.0026
2017,Austria,27.700000000000003,21.8421,31.1325,48.8,30.1465,15.6248,30.0,23.2091,29.5576,30.0,23.2091,29.5576
2018,Austria,28.000000000000004,22.3748,31.144199999999998,49.7,31.0995,15.3011,31.0,24.0545,29.058999999999997,31.0,24.0545,29.058999999999997
2019,Austria,27.400000000000002,21.7319,31.4725,49.1,30.7803,15.614600000000001,30.4,23.3517,29.2624,30.4,23.3517,29.2624
1985,Belgium,22.8,19.0669,34.0871,41.699999999999996,24.17,20.268500000000003,25.2,19.1502,32.830600000000004,25.2,19.1502,32.830600000000004
1988,Belgium,23.5,19.652,33.833299999999994,42.4,24.9415,20.1113,25.7,19.8434,32.5495,25.7,19.8434,32.5495
1992,Belgium,22.8,18.6798,34.1364,45.6,26.3068,17.1878,24.9,20.0608,32.8502,24.9,20.0608,32.8502
1995,Belgium,26.8,21.5448,31.636400000000002,46.9,28.4432,16.719,28.4,22.8487,31.0023,28.4,22.8487,31.0023
1997,Belgium,25.1,19.7236,32.406400000000005,48.3,28.4608,15.2332,26.900000000000002,21.5896,31.7778,26.900000000000002,21.5896,31.7778
2000,Belgium,28.9,23.6319,30.7483,51.300000000000004,34.1729,15.2615,29.9,24.8682,30.338499999999996,29.9,24.8682,30.338499999999996
2003,Belgium,26.1,20.5639,31.858200000000004,48.5,28.1923,14.771899999999999,28.299999999999997,22.3801,30.832700000000003,28.299999999999997,22.3801,30.832700000000003
2004,Belgium,27.1,21.9555,31.467,50.2,30.4583,14.2118,28.799999999999997,23.174,30.6903,28.799999999999997,23.174,30.6903
2005,Belgium,27.0,21.6756,31.5322,49.0,29.9344,15.2924,28.299999999999997,22.6702,30.9093,28.299999999999997,22.6702,30.9093
2006,Belgium,27.200000000000003,21.5829,31.3356,48.199999999999996,28.6299,15.4494,29.099999999999998,23.3013,30.4324,29.099999999999998,23.3013,30.4324
2007,Belgium,27.500000000000004,21.9729,31.176000000000002,48.3,29.0006,15.4849,29.4,23.5485,30.2877,29.4,23.5485,30.2877
2008,Belgium,26.200000000000003,20.6228,31.7834,47.199999999999996,27.6019,16.1025,28.4,22.5599,30.740099999999998,28.4,22.5599,30.740099999999998
2009,Belgium,26.700000000000003,20.9649,31.4422,47.9,27.7206,15.2211,28.4,22.3047,30.709000000000003,28.4,22.3047,30.709000000000003
2010,Belgium,26.3,20.5291,31.596600000000002,48.699999999999996,28.252,14.7279,28.199999999999996,22.3755,30.9048,28.199999999999996,22.3755,30.9048
2011,Belgium,26.8,20.9416,31.3138,49.0,28.6037,14.397400000000001,28.299999999999997,22.4024,30.836399999999998,28.299999999999997,22.4024,30.836399999999998
2012,Belgium,26.6,20.8603,31.4857,48.5,28.12,14.648,27.900000000000002,22.2817,31.123200000000004,27.900000000000002,22.2817,31.123200000000004
2013,Belgium,26.400000000000002,20.438,31.482300000000002,49.3,28.4085,13.9902,27.900000000000002,21.925,31.0038,27.900000000000002,21.925,31.0038
2014,Belgium,26.200000000000003,20.4844,31.618700000000004,49.7,28.6665,13.6639,27.900000000000002,22.0139,30.955000000000002,27.900000000000002,22.0139,30.955000000000002
2015,Belgium,26.6,20.6862,31.3296,50.0,28.8055,13.3961,27.800000000000004,22.1605,31.1528,27.800000000000004,22.1605,31.1528
2016,Belgium,26.5,20.799,31.5698,50.0,29.3329,13.630700000000001,27.700000000000003,22.0597,31.291199999999996,27.700000000000003,22.0597,31.291199999999996
2017,Belgium,26.0,20.1495,31.809,48.699999999999996,28.1267,14.5604,27.3,21.6858,31.4754,27.3,21.6858,31.4754
2006,Brazil,50.5,39.2886,17.5972,59.0,45.365,12.4553,53.5,41.6866,15.7415,53.5,41.6866,15.7415
2009,Brazil,47.699999999999996,36.965,19.0539,56.699999999999996,42.965,13.561800000000002,50.8,39.4078,17.1833,50.8,39.4078,17.1833
2011,Brazil,46.9,36.2321,19.5728,56.49999999999999,42.4945,13.6147,49.9,38.6158,17.7841,49.9,38.6158,17.7841
2013,Brazil,46.0,35.7098,20.189600000000002,56.39999999999999,42.1742,13.7093,49.0,38.0349,18.3756,49.0,38.0349,18.3756
2016,Brazil,48.199999999999996,36.7119,18.7755,58.199999999999996,43.3815,12.572799999999999,50.9,38.7067,16.9817,50.9,38.7067,16.9817
1971,Canada,32.300000000000004,22.9561,27.731900000000003,40.2,26.2199,22.3031,37.3,27.0267,24.737700000000004,37.3,27.0267,24.737700000000004
1975,Canada,29.299999999999997,21.4645,29.7542,37.9,24.8852,23.7708,33.4,24.6718,27.233500000000003,33.4,24.6718,27.233500000000003
1981,Canada,28.599999999999998,21.1489,30.2029,37.2,24.2255,24.127499999999998,32.5,24.2964,27.812099999999997,32.5,24.2964,27.812099999999997
1987,Canada,28.299999999999997,21.4852,30.4038,38.800000000000004,25.406,23.099800000000002,31.5,23.8845,28.4828,31.5,23.8845,28.4828
1991,Canada,28.199999999999996,21.4442,30.459200000000003,40.8,26.634,21.746499999999997,31.1,23.5999,28.771,31.1,23.5999,28.771
1994,Canada,28.499999999999996,21.5437,30.2384,42.199999999999996,26.8303,20.4803,31.3,23.6597,28.5929,31.3,23.6597,28.5929
1996,Canada,30.3,22.9436,29.1738,44.4,28.7162,19.166400000000003,32.800000000000004,24.9824,27.749,32.800000000000004,24.9824,27.749
1997,Canada,30.8,23.3916,28.9143,44.6,29.1445,19.148400000000002,33.2,25.4188,27.6092,33.2,25.4188,27.6092
1998,Canada,31.2,23.7782,28.7665,44.7,29.3693,19.1963,33.300000000000004,25.5674,27.5894,33.300000000000004,25.5674,27.5894
1999,Canada,31.0,23.5663,28.7715,43.5,28.8285,20.0146,33.1,25.1714,27.6158,33.1,25.1714,27.6158
2000,Canada,31.8,24.2988,28.4294,43.7,29.4302,20.134900000000002,33.5,25.6444,27.429199999999998,33.5,25.6444,27.429199999999998
2001,Canada,31.8,24.311,28.371899999999997,43.8,29.5122,20.0407,33.6,25.6813,27.2833,33.6,25.6813,27.2833
2002,Canada,31.7,24.0637,28.42,43.4,29.1817,20.308699999999998,33.6,25.5395,27.2472,33.6,25.5395,27.2472
2003,Canada,31.8,24.1156,28.2961,43.6,29.1541,20.1444,33.900000000000006,25.8066,27.1051,33.900000000000006,25.8066,27.1051
2004,Canada,32.0,24.2937,28.178600000000003,43.7,29.4177,20.1109,33.900000000000006,25.6503,27.1118,33.900000000000006,25.6503,27.1118
2005,Canada,31.8,24.1214,28.2746,43.3,29.1346,20.2812,33.7,25.6474,27.259,33.7,25.6474,27.259
2006,Canada,31.8,24.3561,28.3096,43.4,29.4253,20.3646,34.0,26.0143,27.0439,34.0,26.0143,27.0439
2007,Canada,31.6,24.2606,28.471200000000003,43.4,29.6064,20.4347,33.7,25.8956,27.2669,33.7,25.8956,27.2669
2008,Canada,32.2,24.5736,28.1503,43.8,29.8203,20.220799999999997,33.900000000000006,25.9749,27.1271,33.900000000000006,25.9749,27.1271
2009,Canada,32.1,24.4043,28.115099999999998,44.4,29.8841,19.5611,34.0,25.8853,27.0259,34.0,25.8853,27.0259
2010,Canada,31.8,24.2615,28.3673,44.3,29.7703,19.671599999999998,33.6,25.7754,27.3213,33.6,25.7754,27.3213
2011,Canada,31.3,23.8086,28.618000000000002,43.4,28.957,20.1814,32.7,25.0355,27.876399999999997,32.7,25.0355,27.876399999999997
2012,Canada,31.7,23.8099,28.250300000000003,43.1,28.5904,20.2283,33.6,25.2017,27.176599999999997,33.6,25.2017,27.176599999999997
2013,Canada,32.1,23.7121,27.8701,43.6,28.5567,19.7705,33.800000000000004,25.1544,26.923299999999998,33.800000000000004,25.1544,26.923299999999998
2014,Canada,31.2,23.6019,28.622999999999998,42.6,28.5008,20.759700000000002,33.2,25.1836,27.503500000000003,33.2,25.1836,27.503500000000003
2015,Canada,32.0,24.0211,28.1513,43.8,29.1508,19.8311,33.800000000000004,25.5065,27.1266,33.800000000000004,25.5065,27.1266
2016,Canada,30.8,23.2828,28.844700000000003,43.2,28.6796,20.208299999999998,32.800000000000004,25.0134,27.7456,32.800000000000004,25.0134,27.7456
2017,Canada,31.3,23.698,28.534999999999997,44.1,29.3373,19.620800000000003,33.300000000000004,25.3509,27.351300000000002,33.300000000000004,25.3509,27.351300000000002
2018,Canada,30.599999999999998,23.3173,29.063700000000004,42.9,28.633,20.443199999999997,32.6,24.8325,27.853399999999997,32.6,24.8325,27.853399999999997
1990,Chile,50.7,40.4008,17.7667,55.400000000000006,43.4721,14.9847,52.800000000000004,42.2687,16.6576,52.800000000000004,42.2687,16.6576
1992,Chile,50.8,40.9414,17.886499999999998,54.900000000000006,43.4383,15.515699999999999,52.7,42.7495,16.8828,52.7,42.7495,16.8828
1994,Chile,50.6,39.3696,17.4048,54.900000000000006,42.0823,14.938000000000002,52.5,41.2217,16.5017,52.5,41.2217,16.5017
1996,Chile,50.4,39.5356,17.762900000000002,54.7,42.29,15.098700000000001,52.5,41.6195,16.6754,52.5,41.6195,16.6754
1998,Chile,51.0,40.2855,17.464399999999998,55.1,42.8846,14.9717,53.400000000000006,42.4694,16.2395,53.400000000000006,42.4694,16.2395
2000,Chile,52.6,42.4316,16.9251,57.49999999999999,45.7775,13.9865,54.800000000000004,44.2552,15.7041,54.800000000000004,44.2552,15.7041
2003,Chile,50.3,39.8768,17.9316,54.800000000000004,42.6038,15.2441,52.800000000000004,42.2747,16.6622,52.800000000000004,42.2747,16.6622
2006,Chile,47.599999999999994,37.3633,19.332,52.1,39.7624,16.5301,50.0,39.7252,18.1635,50.0,39.7252,18.1635
2009,Chile,47.8,38.2364,19.495,53.800000000000004,41.5158,15.613,50.0,40.4126,18.4211,50.0,40.4126,18.4211
2011,Chile,46.7,37.245,20.078400000000002,52.5,40.4546,16.3417,48.9,39.4059,19.019199999999998,48.9,39.4059,19.019199999999998
2013,Chile,46.0,36.8347,20.5347,52.1,39.989,16.6875,48.4,39.174,19.371199999999998,48.4,39.174,19.371199999999998
2015,Chile,45.300000000000004,36.175,20.8737,51.1,39.0846,17.232799999999997,47.599999999999994,38.3982,19.7418,47.599999999999994,38.3982,19.7418
2017,Chile,45.9,36.7796,20.6186,52.1,39.9544,16.6586,48.199999999999996,39.0812,19.444499999999998,48.199999999999996,39.0812,19.444499999999998
2002,China,41.5,30.3075,21.8318,42.4,31.2145,21.557500000000005,44.7,32.1577,19.6888,44.7,32.1577,19.6888
2013,China,39.900000000000006,28.5564,22.7571,49.8,33.0427,15.7838,43.0,30.4715,20.660899999999998,43.0,30.4715,20.660899999999998
2018,China,41.3,29.4457,21.9513,49.9,33.9318,15.9022,44.1,31.2815,20.096,44.1,31.2815,20.096
2001,Colombia,50.9,38.9095,17.1398,52.6,40.613,16.6343,54.2,42.2165,15.430499999999999,54.2,42.2165,15.430499999999999
2002,Colombia,52.6,40.1243,16.058500000000002,54.0,41.6758,15.525,56.10000000000001,43.871,14.3945,56.10000000000001,43.871,14.3945
2003,Colombia,50.4,38.2814,17.2529,51.800000000000004,39.754,16.7125,54.1,41.9468,15.4542,54.1,41.9468,15.4542
2004,Colombia,51.300000000000004,39.3945,16.8805,52.6,40.8089,16.4699,55.00000000000001,43.0458,15.0779,55.00000000000001,43.0458,15.0779
2005,Colombia,51.300000000000004,39.7777,17.0287,52.6,41.1541,16.5088,55.1,43.5383,15.1015,55.1,43.5383,15.1015
2006,Colombia,50.2,38.4916,17.4649,51.2,39.5242,17.2992,54.1,42.2469,15.5004,54.1,42.2469,15.5004
2007,Colombia,54.0,41.2172,15.182300000000001,56.3,43.9986,14.374099999999999,57.599999999999994,44.7943,13.407,57.599999999999994,44.7943,13.407
2008,Colombia,52.6,39.8652,15.9092,54.800000000000004,42.5295,15.082,56.10000000000001,43.3464,14.155600000000002,56.10000000000001,43.3464,14.155600000000002
2009,Colombia,51.0,38.767,16.864900000000002,53.2,41.3568,16.0133,54.400000000000006,41.9474,15.1302,54.400000000000006,41.9474,15.1302
2010,Colombia,51.1,39.0202,16.880499999999998,53.6,41.8076,15.9849,54.6,42.456,15.0913,54.6,42.456,15.0913
2011,Colombia,50.0,37.9924,17.4357,52.7,40.7792,16.2312,53.400000000000006,41.2672,15.664100000000001,53.400000000000006,41.2672,15.664100000000001
2012,Colombia,49.1,36.9006,17.8425,51.6,39.2253,16.6292,52.5,40.1116,16.063499999999998,52.5,40.1116,16.063499999999998
2013,Colombia,49.1,36.9652,17.8505,51.9,39.8242,16.5597,52.5,40.1853,16.0915,52.5,40.1853,16.0915
2014,Colombia,48.9,36.8022,17.986,52.1,39.8982,16.390700000000002,52.400000000000006,40.3049,16.1791,52.400000000000006,40.3049,16.1791
2015,Colombia,47.3,35.481,18.8455,50.3,38.1676,17.351,50.7,38.6793,17.0821,50.7,38.6793,17.0821
2016,Colombia,47.0,35.4419,19.1562,50.0,38.2005,17.636,50.5,38.8021,17.3019,50.5,38.8021,17.3019
2017,Colombia,46.1,34.6681,19.6807,48.9,37.1885,18.250700000000002,49.7,38.0254,17.7601,49.7,38.0254,17.7601
2018,Colombia,46.5,35.032,19.376399999999997,49.4,37.623,17.9434,50.1,38.3922,17.4731,50.1,38.3922,17.4731
2019,Colombia,48.0,36.1124,18.5503,51.0,38.9586,17.108,51.6,39.6002,16.6648,51.6,39.6002,16.6648
2020,Colombia,50.3,37.8851,17.302,53.800000000000004,41.0878,15.597999999999999,53.900000000000006,41.4421,15.4041,53.900000000000006,41.4421,15.4041
2002,Cote d'Ivoire,56.599999999999994,44.3477,14.256200000000002,56.8,44.492,14.1477,58.8,46.9411,13.2518,58.8,46.9411,13.2518
2008,Cote d'Ivoire,53.800000000000004,41.961,15.9512,54.1,42.0821,15.690999999999999,55.400000000000006,44.4265,15.428,55.400000000000006,44.4265,15.428
2015,Cote d'Ivoire,57.9,45.2904,13.5695,57.99999999999999,44.9185,13.327100000000002,60.699999999999996,48.4191,12.227699999999999,60.699999999999996,48.4191,12.227699999999999
1992,Czechia,20.5,19.1317,36.1589,39.7,25.0684,22.4897,20.7,19.5253,36.2229,20.7,19.5253,36.2229
1996,Czechia,25.7,21.6287,32.564499999999995,43.4,27.8161,20.0872,25.8,22.1368,32.8668,25.8,22.1368,32.8668
2002,Czechia,25.6,21.8331,32.7449,46.7,29.4385,17.6221,26.6,22.572,32.4794,26.6,22.572,32.4794
2004,Czechia,26.700000000000003,22.1728,32.0102,47.199999999999996,29.9356,17.3888,27.400000000000002,22.9853,31.8863,27.400000000000002,22.9853,31.8863
2007,Czechia,25.2,21.1938,32.8857,44.9,28.5131,18.850099999999998,25.5,21.9054,33.0475,25.5,21.9054,33.0475
2010,Czechia,25.6,21.4487,32.562,44.9,28.0931,18.64,26.6,22.2381,32.452099999999994,26.6,22.2381,32.452099999999994
2013,Czechia,25.900000000000002,21.9633,32.611599999999996,46.0,29.0299,18.012500000000003,26.6,22.5585,32.375600000000006,26.6,22.5585,32.375600000000006
2016,Czechia,25.4,21.2118,32.7638,44.4,27.4222,18.9354,25.6,22.0099,32.963300000000004,25.6,22.0099,32.963300000000004
1987,Denmark,25.7,20.4192,32.4423,41.0,24.6993,20.8512,26.5,21.6796,32.138999999999996,26.5,21.6796,32.138999999999996
1992,Denmark,24.099999999999998,19.4686,33.404,44.1,26.0205,18.1751,24.8,20.5606,33.1974,24.8,20.5606,33.1974
1995,Denmark,22.0,18.6613,34.7748,42.6,25.9279,19.7532,22.8,19.6303,34.3671,22.8,19.6303,34.3671
2000,Denmark,22.6,18.9926,34.38249999999999,41.6,25.65,20.7739,23.799999999999997,20.1419,33.6964,23.799999999999997,20.1419,33.6964
2004,Denmark,23.0,19.1454,34.0744,42.199999999999996,25.8125,20.1277,24.3,20.3332,33.4246,24.3,20.3332,33.4246
2007,Denmark,24.099999999999998,20.0116,33.544200000000004,41.699999999999996,26.4436,20.9988,25.4,21.1857,32.855000000000004,25.4,21.1857,32.855000000000004
2010,Denmark,25.1,20.6127,32.8447,44.3,28.0411,19.146700000000003,25.900000000000002,21.6165,32.603,25.900000000000002,21.6165,32.603
2013,Denmark,25.1,20.7593,32.8256,44.5,27.8237,18.765,25.8,21.5836,32.6469,25.8,21.5836,32.6469
2016,Denmark,25.7,21.1234,32.484700000000004,44.7,28.3157,18.7568,26.3,21.9105,32.3166,26.3,21.9105,32.3166
2007,Dominican Republic,51.5,40.237,17.1538,52.300000000000004,40.9207,16.6277,53.900000000000006,42.5191,15.7813,53.900000000000006,42.5191,15.7813
2012,Egypt,50.5,40.1954,18.1156,54.6,43.3467,15.894,53.1,42.5487,16.689300000000003,53.1,42.5487,16.689300000000003
2000,Estonia,36.4,27.8697,25.623799999999996,49.0,32.6978,16.422900000000002,36.6,28.636,25.8906,36.6,28.636,25.8906
2004,Estonia,34.9,26.1734,26.3202,50.0,32.1538,15.364,34.4,26.5139,27.1612,34.4,26.5139,27.1612
2007,Estonia,31.3,23.3573,28.394399999999997,44.800000000000004,28.1213,18.6661,31.2,24.0824,28.7876,31.2,24.0824,28.7876
2010,Estonia,32.0,23.6389,27.840700000000002,48.5,29.6574,15.5287,32.2,24.373,28.4105,32.2,24.373,28.4105
2013,Estonia,35.4,25.6067,25.5383,50.7,31.5137,14.285400000000001,35.0,26.468,26.4522,35.0,26.468,26.4522
2016,Estonia,31.4,22.4352,27.7759,45.6,27.757,17.6656,31.3,23.1649,28.1949,31.3,23.1649,28.1949
1987,Finland,20.7,17.8777,35.6479,32.7,22.688,27.3272,22.2,19.2123,34.804,22.2,19.2123,34.804
1991,Finland,20.9,18.0122,35.5361,33.0,22.831,27.0837,22.900000000000002,19.6356,34.2445,22.900000000000002,19.6356,34.2445
1995,Finland,21.7,19.1357,35.172599999999996,38.5,25.5632,23.2845,23.5,20.5447,34.1139,23.5,20.5447,34.1139
2000,Finland,25.4,21.4675,32.775999999999996,40.699999999999996,27.4197,22.085,26.900000000000002,22.4836,31.9075,26.900000000000002,22.4836,31.9075
2004,Finland,26.200000000000003,21.7642,32.2755,40.699999999999996,27.9464,22.398600000000002,27.800000000000004,23.0039,31.3222,27.800000000000004,23.0039,31.3222
2007,Finland,26.700000000000003,21.8929,31.9153,38.1,26.6468,24.072400000000002,28.199999999999996,23.1571,30.985200000000003,28.199999999999996,23.1571,30.985200000000003
2010,Finland,26.3,21.5274,31.9976,37.8,25.9146,24.0725,27.800000000000004,22.5611,31.1849,27.800000000000004,22.5611,31.1849
2013,Finland,26.1,21.3936,32.2066,37.8,26.0521,24.1215,27.200000000000003,22.2078,31.5379,27.200000000000003,22.2078,31.5379
2016,Finland,25.8,21.7342,32.5124,38.2,26.7999,24.1372,27.200000000000003,22.5248,31.630499999999998,27.200000000000003,22.5248,31.630499999999998
1970,France,34.0,26.5196,27.202,47.599999999999994,33.4035,18.2939,37.2,28.6364,25.063100000000002,37.2,28.6364,25.063100000000002
1975,France,32.300000000000004,25.6992,28.474400000000003,46.5,32.4389,18.886,36.0,27.9625,25.9891,36.0,27.9625,25.9891
1979,France,30.099999999999998,24.3653,29.8496,46.300000000000004,31.8909,18.8051,34.0,26.5133,27.1861,34.0,26.5133,27.1861
1984,France,29.9,24.0511,29.8714,47.5,32.1829,17.802100000000003,33.4,25.9364,27.555100000000003,33.4,25.9364,27.555100000000003
1990,France,28.9,23.6054,30.563499999999998,46.7,31.792,18.4379,32.2,25.2479,28.2643,32.2,25.2479,28.2643
1996,France,28.499999999999996,22.6639,30.591,48.0,31.0251,16.6246,32.1,24.5086,28.1375,32.1,24.5086,28.1375
1997,France,28.499999999999996,22.6894,30.5786,48.5,31.21,16.234900000000003,32.0,24.5094,28.2332,32.0,24.5094,28.2332
1998,France,28.199999999999996,22.6392,30.8081,49.4,31.8818,15.678600000000001,31.7,24.515,28.4575,31.7,24.515,28.4575
1999,France,29.099999999999998,23.3961,30.372,49.6,32.3844,15.738800000000001,32.5,25.2763,28.0329,32.5,25.2763,28.0329
2000,France,29.4,23.6958,30.210300000000004,49.5,32.5325,15.8435,32.6,25.3963,28.0121,32.6,25.3963,28.0121
2001,France,29.2,23.6182,30.345,49.2,32.4878,16.1286,32.5,25.3814,28.0814,32.5,25.3814,28.0814
2002,France,28.9,23.5904,30.5619,48.0,31.7917,17.0438,31.8,24.9898,28.5002,31.8,24.9898,28.5002
2003,France,28.799999999999997,23.4525,30.6704,48.3,31.6997,16.7513,31.7,24.9933,28.6522,31.7,24.9933,28.6522
2004,France,28.9,23.6925,30.6525,48.5,31.9883,16.6877,31.7,25.2166,28.706,31.7,25.2166,28.706
2005,France,29.5,24.0242,30.336599999999997,49.0,32.3556,16.3201,32.4,25.4137,28.3205,32.4,25.4137,28.3205
2006,France,29.7,24.18,30.1892,49.0,32.4947,16.4131,32.6,25.5809,28.1186,32.6,25.5809,28.1186
2007,France,29.7,24.1123,30.1655,49.0,32.4264,16.3631,32.6,25.5367,28.1384,32.6,25.5367,28.1384
2008,France,29.9,24.5,30.226599999999998,48.699999999999996,32.4744,16.6387,32.5,25.6628,28.3476,32.5,25.6628,28.3476
2009,France,30.0,24.1977,30.0049,49.8,32.66,15.6567,32.6,25.4344,28.1095,32.6,25.4344,28.1095
2010,France,30.7,24.9122,29.592399999999998,50.8,33.6503,15.1275,33.300000000000004,26.1195,27.807399999999998,33.300000000000004,26.1195,27.807399999999998
2011,France,31.3,25.4375,29.2403,51.4,34.3532,14.7852,33.900000000000006,26.5517,27.4604,33.900000000000006,26.5517,27.4604
2012,France,31.2,25.2746,29.3797,51.9,34.534,14.402899999999999,33.800000000000004,26.4752,27.517699999999998,33.800000000000004,26.4752,27.517699999999998
2013,France,29.9,24.2342,30.0899,50.6,33.1076,15.0266,32.800000000000004,25.6033,27.9877,32.800000000000004,25.6033,27.9877
2014,France,29.799999999999997,24.1939,30.1569,51.4,33.6822,14.541599999999999,32.6,25.4593,28.123400000000004,32.6,25.4593,28.123400000000004
2015,France,29.9,24.3135,30.0929,51.800000000000004,33.9123,14.1969,32.7,25.5574,28.031100000000002,32.7,25.5574,28.031100000000002
2016,France,29.599999999999998,24.0349,30.256899999999998,51.9,33.8686,14.0174,32.5,25.2966,28.1604,32.5,25.2966,28.1604
2017,France,29.7,24.117,30.2371,52.1,34.1942,13.9512,32.5,25.3225,28.162899999999997,32.5,25.3225,28.162899999999997
2018,France,30.3,24.6253,29.864600000000003,53.1,35.2136,13.4569,32.800000000000004,25.6883,28.0612,32.800000000000004,25.6883,28.0612
2009,Georgia,46.6,33.8352,18.8925,56.3,38.421,12.0064,47.5,34.8788,18.537100000000002,47.5,34.8788,18.537100000000002
2010,Georgia,45.300000000000004,32.9559,19.601,54.6,37.2142,12.985800000000001,46.0,33.9805,19.5242,46.0,33.9805,19.5242
2011,Georgia,45.5,34.3279,20.0289,54.50000000000001,38.4714,13.6553,46.800000000000004,35.7438,19.6326,46.800000000000004,35.7438,19.6326
2012,Georgia,41.099999999999994,30.1653,22.2248,49.9,33.7513,15.833100000000002,42.199999999999996,31.5093,21.9212,42.199999999999996,31.5093,21.9212
2013,Georgia,40.2,29.5017,22.6792,48.6,33.0914,16.692700000000002,41.5,31.1431,22.2841,41.5,31.1431,22.2841
2014,Georgia,39.1,28.4883,23.524300000000004,48.8,32.4642,16.6474,41.4,30.3424,22.265700000000002,41.4,30.3424,22.265700000000002
2015,Georgia,39.0,28.9052,23.6258,48.6,32.7786,16.8533,40.699999999999996,31.0457,23.086100000000002,40.699999999999996,31.0457,23.086100000000002
2016,Georgia,39.1,28.1742,23.3243,48.3,31.5786,16.7869,40.699999999999996,30.4178,22.877,40.699999999999996,30.4178,22.877
2017,Georgia,40.9,29.8532,22.6663,50.7,34.5599,15.621500000000001,42.6,31.773,21.867099999999997,42.6,31.773,21.867099999999997
2018,Georgia,37.0,26.2278,24.6544,46.7,30.1669,17.3206,39.2,28.476,23.537,39.2,28.476,23.537
2019,Georgia,37.9,27.1008,24.164,47.8,31.4372,17.0813,40.2,29.6634,23.1802,40.2,29.6634,23.1802
1973,Germany,27.1,22.1788,31.6469,37.7,25.5492,24.5673,29.9,23.8576,29.7136,29.9,23.8576,29.7136
1978,Germany,26.3,21.9791,32.213699999999996,41.5,27.327,21.823900000000002,28.499999999999996,23.3894,30.7327,28.499999999999996,23.3894,30.7327
1981,Germany,24.4,20.2141,33.197799999999994,40.400000000000006,25.1295,21.9403,28.1,22.6011,30.776699999999998,28.1,22.6011,30.776699999999998
1983,Germany,26.0,21.5989,32.2161,41.0,26.4304,21.7137,28.4,23.0864,30.651600000000002,28.4,23.0864,30.651600000000002
1984,Germany,25.5,20.7108,32.6,44.3,27.5295,19.2286,28.599999999999998,22.7341,30.584200000000003,28.599999999999998,22.7341,30.584200000000003
1985,Germany,25.1,20.2849,32.729200000000006,43.3,26.7546,19.7983,27.900000000000002,21.9779,30.826500000000003,27.900000000000002,21.9779,30.826500000000003
1986,Germany,24.6,20.1086,33.0904,42.3,26.0116,20.483999999999998,27.500000000000004,21.9917,31.1567,27.500000000000004,21.9917,31.1567
1987,Germany,25.1,20.4611,32.7992,42.9,26.7118,20.2391,28.000000000000004,22.2652,30.8211,28.000000000000004,22.2652,30.8211
1988,Germany,25.4,20.9183,32.7477,43.2,27.2175,20.1289,28.4,22.6456,30.593899999999998,28.4,22.6456,30.593899999999998
1989,Germany,25.6,21.1632,32.6284,43.2,27.6186,20.3044,28.599999999999998,22.7879,30.4683,28.599999999999998,22.7879,30.4683
1990,Germany,25.8,20.9337,32.2986,42.5,26.7091,20.5942,28.799999999999997,22.8213,30.2975,28.799999999999997,22.8213,30.2975
1991,Germany,26.8,21.1301,31.5156,43.7,27.2927,19.5247,29.599999999999998,23.19,29.7082,29.599999999999998,23.19,29.7082
1992,Germany,26.3,21.1074,31.955800000000004,43.9,27.2353,19.224400000000003,29.099999999999998,23.1142,30.097800000000003,29.099999999999998,23.1142,30.097800000000003
1993,Germany,25.6,20.8598,32.4282,44.0,27.0763,19.136,28.599999999999998,22.8086,30.436,28.599999999999998,22.8086,30.436
1994,Germany,26.200000000000003,21.112,32.0731,45.1,27.7405,18.2557,29.2,22.948,30.025800000000004,29.2,22.948,30.025800000000004
1995,Germany,25.6,20.8353,32.524,45.5,28.0033,17.920499999999997,28.799999999999997,22.7205,30.4268,28.799999999999997,22.7205,30.4268
1996,Germany,25.1,20.6224,32.890299999999996,45.800000000000004,28.0799,17.677500000000002,28.1,22.3463,30.780499999999996,28.1,22.3463,30.780499999999996
1997,Germany,25.1,20.6079,32.8642,46.2,28.1749,17.3625,28.4,22.431,30.5074,28.4,22.431,30.5074
1998,Germany,25.1,20.6927,32.8198,46.1,28.2791,17.5211,28.199999999999996,22.2674,30.6277,28.199999999999996,22.2674,30.6277
1999,Germany,26.1,21.321,32.3281,46.5,28.96,17.4914,29.099999999999998,23.1565,30.2709,29.099999999999998,23.1565,30.2709
2000,Germany,25.900000000000002,21.2385,32.4017,46.9,29.2486,17.1426,28.799999999999997,22.9033,30.385399999999997,28.799999999999997,22.9033,30.385399999999997
2001,Germany,27.0,22.4128,31.9272,48.699999999999996,31.3035,16.250999999999998,30.0,23.928,29.747500000000002,30.0,23.928,29.747500000000002
2002,Germany,27.0,22.1126,31.740099999999998,49.3,31.0887,15.6111,29.9,23.6879,29.7262,29.9,23.6879,29.7262
2003,Germany,26.8,21.9988,31.8671,49.8,31.594,15.178799999999999,29.599999999999998,23.579,30.038800000000002,29.599999999999998,23.579,30.038800000000002
2004,Germany,27.0,22.0487,31.727899999999998,49.9,31.2557,14.9723,29.9,23.6771,29.7576,29.9,23.6771,29.7576
2005,Germany,28.799999999999997,23.3641,30.6926,51.6,32.6282,13.8513,31.5,25.0207,28.820200000000003,31.5,25.0207,28.820200000000003
2006,Germany,28.599999999999998,23.0643,30.796099999999996,51.1,32.0817,14.084900000000001,31.0,24.6404,29.1109,31.0,24.6404,29.1109
2007,Germany,28.599999999999998,23.323,30.709900000000005,51.0,32.498,14.2899,31.0,24.7554,29.212299999999995,31.0,24.7554,29.212299999999995
2008,Germany,28.7,23.3315,30.700200000000002,50.5,32.0512,14.7639,30.8,24.6671,29.2378,30.8,24.6671,29.2378
2009,Germany,28.4,22.6841,30.677699999999998,50.5,31.2979,14.2035,30.5,24.069,29.3846,30.5,24.069,29.3846
2010,Germany,28.7,22.8285,30.462300000000006,50.5,31.2738,14.186599999999999,30.4,24.057,29.4919,30.4,24.057,29.4919
2011,Germany,28.799999999999997,23.1491,30.512999999999998,50.8,31.8862,14.3076,30.599999999999998,24.3809,29.4135,30.599999999999998,24.3809,29.4135
2012,Germany,28.999999999999996,23.1812,30.377200000000002,51.0,32.1452,14.1029,31.0,24.4114,29.046300000000002,31.0,24.4114,29.046300000000002
2013,Germany,29.4,23.5408,30.1354,51.7,32.7019,13.7061,31.4,24.8449,28.8739,31.4,24.8449,28.8739
2014,Germany,28.9,22.6234,30.3352,50.7,31.2619,13.9785,30.8,23.9527,29.062600000000003,30.8,23.9527,29.062600000000003
2015,Germany,29.299999999999997,23.3946,30.2032,51.1,32.1947,14.055,31.4,24.7001,28.8577,31.4,24.7001,28.8577
2016,Germany,29.5,23.3585,30.0693,51.0,32.0199,14.1123,31.5,24.5741,28.7202,31.5,24.5741,28.7202
2017,Germany,29.599999999999998,23.204,30.069799999999997,51.4,32.2744,13.632200000000001,31.6,24.5484,28.748,31.6,24.5484,28.748
2018,Germany,29.799999999999997,24.0043,30.076899999999995,51.2,32.8376,14.2365,31.7,25.1362,28.7909,31.7,25.1362,28.7909
2019,Germany,29.599999999999998,23.714,30.1449,50.8,32.6939,14.6575,31.3,24.7273,29.016699999999997,31.3,24.7273,29.016699999999997
1995,Greece,35.5,25.8993,25.840400000000002,46.400000000000006,30.0594,18.0418,37.2,27.2931,24.8488,37.2,27.2931,24.8488
2000,Greece,33.5,24.5593,26.914099999999998,46.2,29.5147,17.9687,34.300000000000004,25.7129,26.555699999999998,34.300000000000004,25.7129,26.555699999999998
2004,Greece,32.9,24.8548,27.6411,46.2,30.0062,18.3295,33.6,25.5601,27.277299999999997,33.6,25.5601,27.277299999999997
2007,Greece,32.2,24.5698,28.091,48.199999999999996,32.3286,17.1479,33.300000000000004,25.4309,27.5832,33.300000000000004,25.4309,27.5832
2010,Greece,32.7,24.4772,27.6224,50.0,33.0713,15.9152,33.800000000000004,25.2268,27.1181,33.800000000000004,25.2268,27.1181
2013,Greece,33.5,24.9097,27.2436,54.1,35.2992,12.6975,35.4,25.9513,25.9219,35.4,25.9513,25.9219
2016,Greece,32.300000000000004,24.5266,28.0968,51.6,32.6658,13.9512,34.300000000000004,25.4431,26.8938,34.300000000000004,25.4431,26.8938
2006,Guatemala,48.9,37.3697,18.0693,51.6,40.305,16.7184,52.7,40.9895,16.0559,52.7,40.9895,16.0559
2011,Guatemala,51.800000000000004,39.7917,16.802100000000003,53.2,40.7923,15.905899999999999,54.50000000000001,42.4068,15.338000000000001,54.50000000000001,42.4068,15.338000000000001
2014,Guatemala,41.099999999999994,32.9844,23.3864,44.4,34.5943,21.1678,44.4,36.059,21.72,44.4,36.059,21.72
1991,Hungary,29.4,23.1281,30.1615,47.5,30.4319,17.1964,29.599999999999998,23.7603,30.5391,29.599999999999998,23.7603,30.5391
1994,Hungary,32.6,25.6424,28.2605,53.7,34.6768,12.8503,33.2,26.0848,27.9853,33.2,26.0848,27.9853
1999,Hungary,28.999999999999996,23.5848,30.4658,52.300000000000004,33.1377,13.406099999999999,30.099999999999998,24.471,29.992,30.099999999999998,24.471,29.992
2005,Hungary,28.4,23.7667,30.969,52.7,32.9742,12.9172,29.9,24.4374,30.168800000000005,29.9,24.4374,30.168800000000005
2007,Hungary,27.0,22.9929,32.0766,51.9,32.9568,13.8811,28.599999999999998,23.8417,31.089,28.599999999999998,23.8417,31.089
2009,Hungary,26.5,21.6155,32.1804,54.2,32.5665,11.154,28.7,22.2385,30.281100000000002,28.7,22.2385,30.281100000000002
2012,Hungary,28.799999999999997,22.6299,30.3886,55.00000000000001,33.5191,10.7192,31.1,23.4832,28.906,31.1,23.4832,28.906
2015,Hungary,26.400000000000002,21.4717,31.7905,47.8,28.5409,16.1179,27.700000000000003,22.2873,31.1468,27.700000000000003,22.2873,31.1468
2004,Iceland,25.6,21.9598,33.001099999999994,36.7,25.1014,24.954500000000003,27.700000000000003,23.4399,31.6866,27.700000000000003,23.4399,31.6866
2007,Iceland,28.000000000000004,23.835,31.5351,37.6,26.4794,24.6554,29.299999999999997,24.6681,30.706400000000002,29.299999999999997,24.6681,30.706400000000002
2010,Iceland,24.5,20.8318,33.3774,39.4,25.8753,22.6671,26.200000000000003,22.1153,32.484899999999996,26.200000000000003,22.1153,32.484899999999996
2004,India,48.9,36.8834,18.086399999999998,49.8,37.556,17.552799999999998,50.4,38.7741,17.4633,50.4,38.7741,17.4633
2011,India,50.1,38.5346,17.6827,51.5,39.3937,16.7954,51.300000000000004,39.7673,17.097299999999997,51.300000000000004,39.7673,17.097299999999997
1987,Ireland,32.9,24.8292,27.7984,50.4,31.838,14.9134,35.9,27.3685,25.9316,35.9,27.3685,25.9316
1994,Ireland,33.7,25.6587,26.9221,50.9,31.8711,14.285,36.7,28.8488,25.704600000000003,36.7,28.8488,25.704600000000003
1995,Ireland,34.300000000000004,26.4656,26.7656,50.3,32.2628,15.1587,36.8,28.3235,25.5634,36.8,28.3235,25.5634
1996,Ireland,33.1,25.2401,27.3933,49.3,30.9918,15.648299999999999,35.3,27.1989,26.4457,35.3,27.1989,26.4457
2000,Ireland,31.4,23.6242,28.4576,44.3,28.2079,19.4275,33.2,26.188,27.8748,33.2,26.188,27.8748
2002,Ireland,30.7,22.9467,28.8374,46.5,28.8013,17.493000000000002,32.300000000000004,24.9879,28.1938,32.300000000000004,24.9879,28.1938
2003,Ireland,32.4,24.9559,28.0116,49.8,32.2202,15.6721,33.0,25.9794,27.929299999999998,33.0,25.9794,27.929299999999998
2004,Ireland,32.4,25.0124,27.9345,50.9,32.7793,14.6872,33.7,26.671,27.478700000000003,33.7,26.671,27.478700000000003
2005,Ireland,32.300000000000004,25.2934,28.1095,50.9,32.5948,14.697700000000001,33.7,26.7726,27.6774,33.7,26.7726,27.6774
2006,Ireland,31.6,24.3617,28.3463,51.0,32.1677,14.366600000000002,32.7,25.562,27.9762,32.7,25.562,27.9762
2007,Ireland,30.3,23.8805,29.3435,51.2,32.7825,14.5606,31.900000000000002,25.4283,28.667199999999998,31.900000000000002,25.4283,28.667199999999998
2008,Ireland,29.5,22.825,29.7013,53.7,32.9699,11.9708,30.9,24.4185,29.2135,30.9,24.4185,29.2135
2009,Ireland,31.1,23.868,28.9028,57.699999999999996,36.2869,9.278,32.7,25.5298,28.2473,32.7,25.5298,28.2473
2010,Ireland,29.799999999999997,22.6331,29.4891,57.699999999999996,35.5914,8.8249,32.300000000000004,24.9354,28.2374,32.300000000000004,24.9354,28.2374
2011,Ireland,30.5,23.3714,29.107,56.89999999999999,34.3125,9.146,32.800000000000004,25.4205,28.0253,32.800000000000004,25.4205,28.0253
2012,Ireland,30.8,23.6987,28.9436,58.099999999999994,36.0129,8.4795,32.9,25.6259,27.895699999999998,32.9,25.6259,27.895699999999998
2013,Ireland,31.0,23.9886,28.847900000000003,57.4,36.0256,9.3712,33.2,25.8298,27.7737,33.2,25.8298,27.7737
2014,Ireland,29.7,23.0779,29.5564,54.900000000000006,33.8348,10.9901,31.900000000000002,24.9473,28.5691,31.900000000000002,24.9473,28.5691
2015,Ireland,29.799999999999997,23.3954,29.646699999999996,54.400000000000006,34.805,11.8951,31.900000000000002,25.5368,28.7752,31.900000000000002,25.5368,28.7752
2016,Ireland,30.9,24.2717,28.968899999999998,54.2,34.953,12.422699999999999,32.9,25.9376,28.1239,32.9,25.9376,28.1239
2017,Ireland,29.4,23.504,29.997700000000002,53.5,35.4463,13.3209,31.3,25.2442,29.223200000000002,31.3,25.2442,29.223200000000002
2018,Ireland,28.9,23.2285,30.434799999999996,51.9,33.541,14.1609,30.3,24.7278,29.7031,30.3,24.7278,29.7031
2019,Ireland,28.7,23.0303,30.4979,50.5,31.7967,14.6526,30.599999999999998,24.5767,29.4489,30.599999999999998,24.5767,29.4489
1979,Israel,30.4,22.8425,28.8625,41.199999999999996,27.5696,21.4069,36.3,26.8608,25.072100000000002,36.3,26.8608,25.072100000000002
1986,Israel,31.0,23.2942,28.4845,45.300000000000004,30.7595,19.030700000000003,36.5,26.8578,25.000799999999998,36.5,26.8578,25.000799999999998
1992,Israel,30.5,23.124,28.817300000000003,44.3,29.8144,19.552400000000002,35.5,26.87,25.8166,35.5,26.87,25.8166
1997,Israel,33.7,24.9217,26.7346,47.9,32.5949,17.4754,38.1,28.1818,24.0686,38.1,28.1818,24.0686
2001,Israel,35.0,25.8576,25.9078,51.5,34.6338,15.0408,39.1,28.7706,23.4396,39.1,28.7706,23.4396
2002,Israel,35.8,25.7387,25.2704,51.9,34.7149,14.642500000000002,39.900000000000006,28.8452,22.7648,39.900000000000006,28.8452,22.7648
2003,Israel,36.4,25.9278,24.6361,50.9,34.0634,15.1245,40.9,29.4274,22.0157,40.9,29.4274,22.0157
2004,Israel,37.2,26.2986,24.1987,50.2,33.2978,15.549199999999999,41.5,29.3811,21.5615,41.5,29.3811,21.5615
2005,Israel,38.3,27.6761,23.780299999999997,50.5,34.2601,15.658000000000001,42.4,30.4803,21.2253,42.4,30.4803,21.2253
2006,Israel,37.5,26.9571,24.070200000000003,49.7,33.59,16.1303,41.699999999999996,29.7165,21.6225,41.699999999999996,29.7165,21.6225
2007,Israel,36.9,26.3851,24.3875,49.0,32.9439,16.5169,41.199999999999996,29.5349,21.8652,41.199999999999996,29.5349,21.8652
2008,Israel,37.7,27.2458,24.0869,49.5,34.031,16.4994,41.699999999999996,30.0368,21.5609,41.699999999999996,30.0368,21.5609
2009,Israel,38.5,27.3833,23.3703,49.7,33.4416,16.0798,42.4,30.1904,21.03,42.4,30.1904,21.03
2010,Israel,38.3,27.6473,23.6325,50.0,34.6446,16.2938,42.5,30.9504,21.3216,42.5,30.9504,21.3216
2011,Israel,36.9,26.0135,24.2169,48.4,32.2448,16.6814,41.5,29.4974,21.590400000000002,41.5,29.4974,21.590400000000002
2012,Israel,37.5,26.5912,24.101599999999998,47.5,32.4064,17.6126,41.8,29.8112,21.4959,41.8,29.8112,21.4959
2013,Israel,36.4,25.9552,24.9042,46.0,31.82,18.861800000000002,40.300000000000004,28.9649,22.5734,40.300000000000004,28.9649,22.5734
2014,Israel,36.1,25.5453,24.924999999999997,45.6,30.9695,18.7954,40.0,28.2816,22.5966,40.0,28.2816,22.5966
2015,Israel,35.8,25.4026,25.274800000000003,45.300000000000004,30.9097,19.096,39.900000000000006,28.6206,22.847,39.900000000000006,28.6206,22.847
2016,Israel,34.699999999999996,24.4968,25.787300000000002,44.5,30.1656,19.535,39.1,27.8146,23.137999999999998,39.1,27.8146,23.137999999999998
2017,Israel,34.300000000000004,24.0639,26.063899999999997,44.0,29.5146,19.7673,38.3,27.021,23.597,38.3,27.021,23.597
2018,Israel,34.2,24.5572,26.3661,44.1,30.1789,19.9387,38.7,27.6849,23.483800000000002,38.7,27.6849,23.483800000000002
1986,Italy,30.7,23.4525,28.8511,42.1,27.1118,21.7774,32.4,24.1629,27.8976,32.4,24.1629,27.8976
1987,Italy,33.4,24.7995,27.168300000000002,45.6,29.1992,18.8012,34.5,25.4541,26.4463,34.5,25.4541,26.4463
1989,Italy,30.4,23.4494,29.156600000000005,42.9,27.5671,20.427,32.6,25.13,27.8182,32.6,25.13,27.8182
1991,Italy,29.2,22.3794,29.8132,41.8,26.3359,21.0589,31.5,23.8799,28.577799999999996,31.5,23.8799,28.577799999999996
1993,Italy,34.2,25.0722,26.4943,47.599999999999994,30.1451,17.0218,35.5,26.1656,25.884299999999996,35.5,26.1656,25.884299999999996
1995,Italy,34.0,25.2196,26.799999999999997,47.599999999999994,30.3527,17.1348,35.3,26.1842,25.9337,35.3,26.1842,25.9337
1998,Italy,34.8,25.9907,26.483400000000003,48.1,31.0322,16.7915,36.7,27.5709,25.6001,36.7,27.5709,25.6001
2000,Italy,33.4,25.1866,27.239,47.4,30.3871,17.306,35.199999999999996,26.3442,26.2414,35.199999999999996,26.3442,26.2414
2004,Italy,33.2,25.5694,27.4909,49.4,32.1257,16.101799999999997,35.6,27.0271,26.035800000000002,35.6,27.0271,26.035800000000002
2008,Italy,32.6,24.9001,27.8341,47.699999999999996,29.9742,16.8626,34.699999999999996,26.0706,26.4749,34.699999999999996,26.0706,26.4749
2010,Italy,32.300000000000004,24.1793,27.9176,48.5,29.7233,15.925699999999999,34.699999999999996,25.4129,26.3069,34.699999999999996,25.4129,26.3069
2014,Italy,33.1,24.0708,27.2321,54.400000000000006,34.8449,12.3413,35.9,25.6221,25.4634,35.9,25.6221,25.4634
2016,Italy,33.900000000000006,24.5661,26.833199999999998,55.400000000000006,36.1273,11.818,36.3,25.4317,25.0245,36.3,25.4317,25.0245
2008,Japan,32.800000000000004,24.483,27.578699999999998,44.2,28.8306,19.656799999999997,34.8,26.0683,26.4684,34.8,26.0683,26.4684
2010,Japan,30.8,23.6671,29.131500000000003,44.1,29.2604,19.9795,32.1,25.6589,28.901699999999998,32.1,25.6589,28.901699999999998
2013,Japan,31.6,24.6573,28.733800000000002,45.800000000000004,30.5528,18.9187,32.9,26.4159,28.335900000000002,32.9,26.4159,28.335900000000002
2009,Lithuania,36.199999999999996,26.7955,25.649199999999997,52.5,34.3575,13.854099999999999,36.4,27.2636,25.637700000000002,36.4,27.2636,25.637700000000002
2010,Lithuania,32.7,23.912,27.450699999999998,53.0,32.6028,12.5048,32.9,24.5638,27.616,32.9,24.5638,27.616
2011,Lithuania,32.1,23.6022,27.700000000000003,50.9,31.0587,13.8814,32.1,24.4056,28.2305,32.1,24.4056,28.2305
2012,Lithuania,34.599999999999994,25.9924,26.461599999999997,52.7,33.1694,12.9438,34.4,26.3519,26.8995,34.4,26.3519,26.8995
2013,Lithuania,35.0,26.3193,26.2077,51.0,31.9615,14.300699999999999,34.9,26.9143,26.715300000000003,34.9,26.9143,26.715300000000003
2014,Lithuania,37.8,28.3668,24.4905,53.1,34.4333,13.2398,37.2,28.7704,25.439200000000003,37.2,28.7704,25.439200000000003
2015,Lithuania,36.9,27.3753,24.955000000000002,51.4,32.7553,14.1069,37.0,28.4282,25.3388,37.0,28.4282,25.3388
2016,Lithuania,37.5,27.6719,24.6593,51.4,33.3693,14.5795,37.9,29.306,25.0149,37.9,29.306,25.0149
2017,Lithuania,37.1,27.4837,24.854200000000002,51.0,32.9423,14.7885,36.9,28.1923,25.4121,36.9,28.1923,25.4121
2018,Lithuania,35.9,26.3835,25.4807,50.3,31.9519,14.8599,35.4,27.0457,26.2303,35.4,27.0457,26.2303
1985,Luxembourg,23.599999999999998,19.5361,33.7579,37.7,23.2931,24.0208,26.700000000000003,21.5148,31.6458,26.700000000000003,21.5148,31.6458
1991,Luxembourg,23.9,19.9796,34.2817,37.3,24.3836,24.4906,26.8,22.2274,31.804900000000004,26.8,22.2274,31.804900000000004
1994,Luxembourg,23.5,19.5256,33.620400000000004,38.9,24.8212,23.0813,26.900000000000002,21.8513,31.639400000000002,26.900000000000002,21.8513,31.639400000000002
1997,Luxembourg,26.1,21.2849,32.1564,43.1,26.531,19.788800000000002,30.2,23.7992,29.5389,30.2,23.7992,29.5389
2000,Luxembourg,26.200000000000003,21.28,31.9459,42.6,26.8162,20.2409,30.4,23.9086,29.197499999999998,30.4,23.9086,29.197499999999998
2004,Luxembourg,27.0,21.9794,31.7151,45.5,29.1548,18.7235,31.1,24.4779,29.264400000000002,31.1,24.4779,29.264400000000002
2007,Luxembourg,27.700000000000003,22.6912,31.2652,45.4,29.543,18.784299999999998,31.2,25.0148,29.086,31.2,25.0148,29.086
2010,Luxembourg,27.1,21.504,31.2497,45.7,29.0073,18.1545,30.8,23.9141,28.9996,30.8,23.9141,28.9996
2013,Luxembourg,28.299999999999997,22.0757,30.576999999999998,47.5,30.2448,16.9375,32.7,24.4702,27.6056,32.7,24.4702,27.6056
2015,Luxembourg,28.4,22.6944,30.6887,45.0,29.4395,19.0324,32.2,24.7735,28.1892,32.2,24.7735,28.1892
2016,Luxembourg,28.499999999999996,22.4619,30.5671,46.1,29.214,18.0865,31.4,24.0233,28.562700000000003,31.4,24.0233,28.562700000000003
2017,Luxembourg,29.5,22.99,29.9778,48.0,30.2953,16.723399999999998,33.4,24.9169,27.184,33.4,24.9169,27.184
2018,Luxembourg,30.8,24.401,29.2849,47.699999999999996,30.7423,17.1772,34.599999999999994,26.4831,26.7621,34.599999999999994,26.4831,26.7621
2019,Luxembourg,29.599999999999998,23.1281,29.6462,48.3,30.32,16.4043,33.800000000000004,25.6522,27.015500000000003,33.800000000000004,25.6522,27.015500000000003
2011,Mali,45.9,34.3506,19.7567,45.9,34.3506,19.7567,48.0,37.124,19.0634,48.0,37.124,19.0634
2013,Mali,43.9,35.1939,22.0536,43.9,35.1939,22.0536,45.6,36.8873,21.052100000000003,45.6,36.8873,21.052100000000003
2014,Mali,35.3,26.8565,26.3348,35.099999999999994,26.7593,26.432000000000002,37.2,28.9444,25.4094,37.2,28.9444,25.4094
2015,Mali,34.699999999999996,25.8404,26.5027,34.8,25.8433,26.3642,36.1,27.473,25.793999999999997,36.1,27.473,25.793999999999997
2016,Mali,35.199999999999996,26.5521,26.1757,34.8,25.7861,26.358,36.8,28.4106,25.570700000000002,36.8,28.4106,25.570700000000002
2017,Mali,33.6,24.5744,26.8929,33.6,24.3619,26.8547,35.8,26.6635,25.767400000000002,35.8,26.6635,25.767400000000002
2018,Mali,33.900000000000006,25.4785,26.924,34.0,25.5099,26.874700000000004,36.0,28.2321,26.143,36.0,28.2321,26.143
2019,Mali,36.8,27.863,25.2729,36.5,27.5428,25.4103,40.2,31.3002,23.6307,40.2,31.3002,23.6307
2020,Mali,36.5,27.8699,25.6178,36.1,27.4295,25.834600000000002,39.1,29.6282,23.9416,39.1,29.6282,23.9416
1984,Mexico,43.4,32.6324,21.2056,43.5,32.686,21.1661,47.3,35.9073,19.022,47.3,35.9073,19.022
1989,Mexico,46.9,36.5624,19.7388,47.4,36.8479,19.4325,50.8,40.2009,17.6428,50.8,40.2009,17.6428
1992,Mexico,49.9,39.5878,18.269299999999998,50.7,40.0769,17.7487,53.400000000000006,42.647,16.312,53.400000000000006,42.647,16.312
1994,Mexico,50.4,39.736,17.7658,51.7,40.4964,17.0143,54.300000000000004,43.4285,15.6842,54.300000000000004,43.4285,15.6842
1996,Mexico,48.699999999999996,38.1022,18.654400000000003,49.7,38.7502,18.0316,52.5,41.4796,16.5163,52.5,41.4796,16.5163
1998,Mexico,50.5,38.8825,17.3444,51.4,39.3467,16.8324,54.2,42.2971,15.484900000000001,54.2,42.2971,15.484900000000001
2000,Mexico,50.0,38.5941,17.616500000000002,50.5,38.8022,17.2093,53.400000000000006,41.8867,15.9017,53.400000000000006,41.8867,15.9017
2002,Mexico,47.5,36.663,19.207900000000002,49.3,37.3178,17.9689,51.0,40.0418,17.304399999999998,51.0,40.0418,17.304399999999998
2004,Mexico,47.0,36.1813,19.5122,48.8,37.0681,18.3603,50.4,39.4891,18.2089,50.4,39.4891,18.2089
2005,Mexico,46.800000000000004,36.2601,19.5993,48.5,37.1415,18.5808,50.6,39.6078,17.6536,50.6,39.6078,17.6536
2006,Mexico,45.6,35.7817,20.6044,46.9,36.262,19.668799999999997,49.5,39.2662,18.4428,49.5,39.2662,18.4428
2008,Mexico,47.599999999999994,36.4394,18.978900000000003,49.4,37.073,17.6945,50.8,39.4666,17.3328,50.8,39.4666,17.3328
2010,Mexico,45.6,34.7083,20.1702,48.0,35.6668,18.54,49.0,37.8841,18.382399999999997,49.0,37.8841,18.382399999999997
2012,Mexico,46.7,36.0368,19.704,49.0,36.8914,18.025100000000002,50.4,39.7064,17.8415,50.4,39.7064,17.8415
2014,Mexico,46.1,36.4147,20.3642,48.9,37.6174,18.4668,50.1,40.1431,18.292299999999997,50.1,40.1431,18.292299999999997
2016,Mexico,43.4,33.6391,21.688200000000002,46.0,34.8152,19.9265,47.0,36.9989,19.7956,47.0,36.9989,19.7956
2018,Mexico,42.6,33.1634,22.2348,45.0,34.209,20.6522,46.2,36.3917,20.3401,46.2,36.3917,20.3401
1983,Netherlands,25.5,20.4959,32.5994,45.4,28.2333,18.7566,28.4,22.6398,30.814700000000002,28.4,22.6398,30.814700000000002
1987,Netherlands,23.599999999999998,19.6219,33.6896,44.4,27.6755,19.3031,27.3,22.1237,31.456599999999995,27.3,22.1237,31.456599999999995
1990,Netherlands,27.1,21.6276,31.655900000000003,41.0,25.782,21.7241,31.4,24.5491,28.9212,31.4,24.5491,28.9212
1993,Netherlands,26.1,19.9077,31.8592,42.4,25.9541,20.224999999999998,30.5,22.8585,29.177699999999998,30.5,22.8585,29.177699999999998
1999,Netherlands,23.200000000000003,19.2855,34.0011,37.4,24.2704,24.1847,28.1,21.833,30.571,28.1,21.833,30.571
2004,Netherlands,26.700000000000003,22.0614,32.0704,46.400000000000006,29.1395,17.7037,30.599999999999998,24.2853,29.4911,30.599999999999998,24.2853,29.4911
2007,Netherlands,27.6,23.2796,31.6373,41.699999999999996,28.5786,21.7231,30.0,24.255,29.966900000000003,30.0,24.255,29.966900000000003
2010,Netherlands,25.7,21.2972,32.5473,40.300000000000004,26.5502,22.1996,28.299999999999997,22.7123,30.803199999999997,28.299999999999997,22.7123,30.803199999999997
2013,Netherlands,26.400000000000002,21.819,32.1317,41.6,27.7068,21.348599999999998,28.7,23.063,30.6533,28.7,23.063,30.6533
2015,Netherlands,27.200000000000003,22.2006,31.5088,42.3,28.3399,20.965000000000003,28.7,23.2773,30.7308,28.7,23.2773,30.7308
2016,Netherlands,27.3,22.0365,31.4209,42.199999999999996,28.0935,21.061999999999998,28.599999999999998,23.0982,30.7637,28.599999999999998,23.0982,30.7637
2017,Netherlands,27.6,22.5158,31.330099999999998,42.5,28.757,20.9989,28.9,23.5344,30.6711,28.9,23.5344,30.6711
2018,Netherlands,27.1,21.9999,31.632600000000004,41.8,27.9968,21.3851,28.4,23.0923,30.8726,28.4,23.0923,30.8726
1979,Norway,22.5,18.8998,34.627700000000004,36.7,23.4414,24.655499999999996,26.900000000000002,21.8252,31.7205,26.900000000000002,21.8252,31.7205
1986,Norway,23.5,19.418,33.8883,35.4,22.6363,25.4563,24.6,20.5343,33.069599999999994,24.6,20.5343,33.069599999999994
1991,Norway,23.3,19.6349,34.1683,37.5,24.3805,24.071800000000003,25.2,21.1738,32.9112,25.2,21.1738,32.9112
1995,Norway,24.099999999999998,20.1284,33.6588,40.300000000000004,25.6675,21.8821,25.900000000000002,21.5262,32.5236,25.900000000000002,21.5262,32.5236
2000,Norway,25.6,22.078,33.053599999999996,41.3,27.8552,21.9984,27.1,22.918,31.9338,27.1,22.918,31.9338
2004,Norway,26.1,22.337,32.8119,45.2,30.7429,19.5124,28.000000000000004,23.311,31.365,28.000000000000004,23.311,31.365
2007,Norway,24.6,20.4163,33.3953,41.6,27.1594,21.2436,26.400000000000002,21.6576,32.165699999999994,26.400000000000002,21.6576,32.165699999999994
2010,Norway,24.7,20.3431,33.3636,42.8,27.9157,20.465899999999998,26.200000000000003,21.4484,32.3119,26.200000000000003,21.4484,32.3119
2013,Norway,25.2,20.5768,32.9854,42.5,27.647,20.608,26.8,21.6997,31.8992,26.8,21.6997,31.8992
2016,Norway,26.0,21.1987,32.5274,44.0,28.8534,19.667099999999998,27.500000000000004,22.2223,31.504800000000003,27.500000000000004,22.2223,31.504800000000003
2019,Norway,26.0,21.0443,32.494699999999995,43.7,28.4389,19.7889,27.3,21.9529,31.647199999999998,27.3,21.9529,31.647199999999998
2020,Norway,26.200000000000003,21.255,32.3668,44.800000000000004,29.2162,18.9735,27.500000000000004,22.134,31.542,27.500000000000004,22.134,31.542
2017,Palestine,42.6,30.0713,20.923000000000002,44.7,30.6043,19.4298,44.9,31.7577,19.551000000000002,44.9,31.7577,19.551000000000002
2007,Panama,48.3,35.4701,17.918499999999998,52.0,38.625,15.955300000000001,51.800000000000004,38.3347,15.8838,51.800000000000004,38.3347,15.8838
2010,Panama,47.699999999999996,35.6046,18.5734,52.0,38.2449,15.8988,51.2,38.4936,16.7555,51.2,38.4936,16.7555
2013,Panama,46.800000000000004,34.9363,18.9865,51.9,38.1099,15.7853,50.4,37.9461,17.0354,50.4,37.9461,17.0354
2016,Panama,46.1,33.8331,19.2608,52.1,37.5011,15.4605,49.5,36.3564,17.278,49.5,36.3564,17.278
1997,Paraguay,54.0,40.4321,14.777800000000001,54.2,40.3735,14.5684,56.49999999999999,42.5055,13.3533,56.49999999999999,42.5055,13.3533
1999,Paraguay,52.900000000000006,40.056,15.8394,53.1,39.9143,15.7055,55.900000000000006,42.8296,14.2041,55.900000000000006,42.8296,14.2041
2000,Paraguay,53.900000000000006,41.6042,15.394300000000001,53.7,41.1821,15.5325,57.3,44.8921,13.815,57.3,44.8921,13.815
2002,Paraguay,55.60000000000001,42.9042,14.6446,55.50000000000001,42.9266,14.6935,57.9,45.062,13.3047,57.9,45.062,13.3047
2003,Paraguay,53.900000000000006,42.5606,15.9547,54.1,42.7367,15.8932,56.8,45.1022,14.3796,56.8,45.1022,14.3796
2004,Paraguay,51.0,40.0019,17.515,51.5,40.2657,17.2124,54.50000000000001,43.3349,15.6096,54.50000000000001,43.3349,15.6096
2005,Paraguay,50.3,39.2534,17.917,50.9,39.6401,17.7155,53.400000000000006,41.8125,16.1676,53.400000000000006,41.8125,16.1676
2006,Paraguay,50.5,39.1947,17.5258,50.9,39.5392,17.264499999999998,53.5,41.644,15.805599999999998,53.5,41.644,15.805599999999998
2007,Paraguay,50.4,39.3203,17.805300000000003,50.6,39.3624,17.6614,53.5,42.0449,16.143700000000003,53.5,42.0449,16.143700000000003
2008,Paraguay,48.8,37.6591,18.3434,49.1,37.9506,18.1801,52.300000000000004,40.8413,16.506,52.300000000000004,40.8413,16.506
2009,Paraguay,48.699999999999996,36.6487,18.1284,49.5,36.9528,17.6448,51.0,38.5299,16.921599999999998,51.0,38.5299,16.921599999999998
2010,Paraguay,50.2,38.6432,17.699299999999997,50.8,38.7981,17.2033,52.800000000000004,41.1742,16.255,52.800000000000004,41.1742,16.255
2011,Paraguay,52.1,40.3556,16.6451,52.900000000000006,40.8605,16.202199999999998,54.400000000000006,42.5879,15.425799999999999,54.400000000000006,42.5879,15.425799999999999
2012,Paraguay,47.099999999999994,35.1778,18.861800000000002,47.8,35.3493,18.3838,49.7,37.8302,17.6749,49.7,37.8302,17.6749
2013,Paraguay,47.9,36.5147,18.7855,48.9,37.1003,18.1164,50.6,38.9536,17.2827,50.6,38.9536,17.2827
2014,Paraguay,50.4,39.8163,17.8573,51.6,40.6195,17.197699999999998,52.5,41.5877,16.7895,52.5,41.5877,16.7895
2015,Paraguay,48.4,36.8827,18.458,49.4,37.1067,17.7031,50.0,38.1157,17.5413,50.0,38.1157,17.5413
2016,Paraguay,48.9,37.5653,18.265700000000002,50.1,38.1142,17.4034,51.0,39.3688,17.1777,51.0,39.3688,17.1777
2017,Paraguay,47.9,37.4306,19.107799999999997,49.3,38.0338,18.2001,50.0,39.2662,18.012700000000002,50.0,39.2662,18.012700000000002
2018,Paraguay,46.0,34.9731,19.83,47.099999999999994,35.2212,19.0017,48.199999999999996,36.8188,18.6934,48.199999999999996,36.8188,18.6934
2019,Paraguay,45.7,34.3316,19.7669,46.9,34.6843,18.9379,47.9,36.3088,18.6761,47.9,36.3088,18.6761
2020,Paraguay,44.3,33.1501,20.503,45.7,33.6647,19.671499999999998,46.7,35.1328,19.2412,46.7,35.1328,19.2412
2004,Peru,53.900000000000006,39.216,14.428,56.39999999999999,41.1476,12.9467,56.00000000000001,41.5821,13.5468,56.00000000000001,41.5821,13.5468
2005,Peru,52.400000000000006,38.5228,15.551300000000001,55.800000000000004,41.0471,13.5169,55.00000000000001,41.2594,14.2459,55.00000000000001,41.2594,14.2459
2006,Peru,51.0,37.1834,16.1853,54.2,39.2463,14.170200000000001,53.400000000000006,39.9409,15.0643,53.400000000000006,39.9409,15.0643
2007,Peru,51.0,36.7934,16.1003,53.900000000000006,38.815,14.2589,53.0,39.1791,15.249,53.0,39.1791,15.249
2008,Peru,49.2,34.7439,16.9458,52.400000000000006,36.7794,14.886800000000001,51.2,37.0794,15.9878,51.2,37.0794,15.9878
2009,Peru,48.6,34.574,17.433,51.7,36.6292,15.431900000000002,50.8,37.1498,16.447400000000002,50.8,37.1498,16.447400000000002
2010,Peru,48.0,34.2319,17.9522,51.2,36.2522,15.8613,49.5,35.9301,17.194399999999998,49.5,35.9301,17.194399999999998
2011,Peru,46.9,33.0941,18.3858,50.1,34.9007,16.2265,48.8,35.2425,17.5713,48.8,35.2425,17.5713
2012,Peru,46.6,32.9385,18.6176,49.7,35.0093,16.6433,48.1,34.8344,18.0,48.1,34.8344,18.0
2013,Peru,45.7,32.2302,19.125300000000003,49.2,34.2188,16.8541,47.5,34.3355,18.3825,47.5,34.3355,18.3825
2014,Peru,45.0,31.5944,19.5409,48.9,33.9178,17.0131,46.5,33.4506,18.9098,46.5,33.4506,18.9098
2015,Peru,45.1,32.3117,19.749,49.3,34.7306,17.0308,46.7,34.1258,19.0405,46.7,34.1258,19.0405
2016,Peru,45.300000000000004,32.2687,19.5073,49.6,34.7875,16.7377,46.800000000000004,34.0223,18.882,46.800000000000004,34.0223,18.882
2017,Peru,44.4,31.2169,19.8631,48.4,33.5119,17.2872,45.9,33.1997,19.2843,45.9,33.1997,19.2843
2018,Peru,44.3,31.0571,19.9262,48.5,33.4116,17.2073,45.9,33.1272,19.321299999999997,45.9,33.1272,19.321299999999997
2019,Peru,43.6,30.4899,20.3897,47.5,32.6794,17.7928,45.300000000000004,32.8066,19.7281,45.300000000000004,32.8066,19.7281
1986,Poland,27.1,21.111,31.1912,36.5,23.8769,24.758699999999997,28.000000000000004,21.838,30.761699999999998,28.000000000000004,21.838,30.761699999999998
1992,Poland,26.200000000000003,21.7142,32.1556,39.5,26.1981,22.8226,29.299999999999997,23.2408,30.0185,29.299999999999997,23.2408,30.0185
1995,Poland,32.0,24.9719,28.6455,47.9,32.2547,17.0947,35.5,26.6426,26.155300000000004,35.5,26.6426,26.155300000000004
1999,Poland,28.7,23.0718,30.647399999999998,47.3,30.8982,17.529,32.300000000000004,24.7795,28.1163,32.300000000000004,24.7795,28.1163
2004,Poland,31.6,25.009,28.7971,52.0,34.1871,14.2948,35.6,26.8727,25.9544,35.6,26.8727,25.9544
2005,Poland,31.4,24.8198,28.9404,51.5,33.6685,14.5251,35.3,26.7264,26.113800000000005,35.3,26.7264,26.113800000000005
2006,Poland,31.1,24.6086,29.107100000000003,50.4,32.9495,15.3436,34.8,26.3651,26.4634,34.8,26.3651,26.4634
2007,Poland,31.2,24.985,29.179299999999998,49.5,32.7362,16.1666,34.4,26.5932,26.9251,34.4,26.5932,26.9251
2008,Poland,31.1,24.6317,29.149900000000002,48.199999999999996,31.4847,16.9117,33.900000000000006,26.0702,27.176700000000004,33.900000000000006,26.0702,27.176700000000004
2009,Poland,31.1,24.5568,29.1164,48.3,31.4171,16.8248,34.1,26.1621,27.0218,34.1,26.1621,27.0218
2010,Poland,31.1,24.7138,29.1216,48.699999999999996,31.7672,16.562199999999997,34.4,26.5271,27.1522,34.4,26.5271,27.1522
2011,Poland,31.3,24.8267,29.026600000000002,48.9,31.8752,16.4153,34.5,26.4615,26.784,34.5,26.4615,26.784
2012,Poland,31.7,25.0218,28.7612,48.9,31.85,16.3781,34.8,26.568,26.6102,34.8,26.568,26.6102
2013,Poland,31.8,25.0447,28.715700000000002,49.1,32.0967,16.2487,34.9,26.4494,26.5387,34.9,26.4494,26.5387
2014,Poland,31.3,24.6533,28.9717,48.199999999999996,31.3138,16.7896,34.2,25.9459,26.8535,34.2,25.9459,26.8535
2015,Poland,30.599999999999998,24.0751,29.365099999999998,47.4,30.4186,17.209899999999998,33.6,25.541,27.512300000000003,33.6,25.541,27.512300000000003
2016,Poland,28.9,23.2263,30.6052,47.5,30.2199,17.0138,31.3,24.4172,28.864299999999997,31.3,24.4172,28.864299999999997
2017,Poland,28.7,23.3729,30.890700000000002,47.8,30.8427,17.0164,30.4,24.2484,29.614600000000003,30.4,24.2484,29.614600000000003
2018,Poland,29.099999999999998,23.7558,30.587899999999998,48.0,30.8607,16.7129,30.8,24.4798,29.376600000000003,30.8,24.4798,29.376600000000003
2019,Poland,29.2,23.5185,30.5435,48.3,30.9829,16.4894,30.8,24.2943,29.3463,30.8,24.2943,29.3463
2020,Poland,29.9,23.4058,30.038899999999998,48.699999999999996,30.907,16.112299999999998,31.6,24.4482,28.898199999999996,31.6,24.4482,28.898199999999996
1995,Romania,28.000000000000004,22.6656,31.0616,37.9,26.6403,24.0396,30.599999999999998,24.0356,29.305500000000002,30.599999999999998,24.0356,29.305500000000002
1997,Romania,28.000000000000004,22.9313,31.181599999999996,37.4,26.5444,24.4985,30.3,24.2162,29.6237,30.3,24.2162,29.6237
2000,Russia,42.699999999999996,32.1396,21.81,52.800000000000004,37.1161,14.683899999999998,42.699999999999996,32.6661,22.1505,42.699999999999996,32.6661,22.1505
2004,Russia,38.5,28.1021,23.9099,49.8,32.7161,15.686799999999998,37.9,28.2471,24.5852,37.9,28.2471,24.5852
2007,Russia,34.8,24.895,25.9546,45.6,28.9331,18.1636,34.2,25.1718,26.7262,34.2,25.1718,26.7262
2010,Russia,33.1,24.7673,27.5197,45.4,29.6898,18.9063,33.300000000000004,24.9621,27.4589,33.300000000000004,24.9621,27.4589
2011,Russia,36.4,26.9177,25.1931,47.0,31.1407,17.7659,37.7,28.0325,24.5999,37.7,28.0325,24.5999
2013,Russia,35.099999999999994,26.8223,26.3257,46.1,31.2003,18.5085,36.6,27.6756,25.343,36.6,27.6756,25.343
2014,Russia,34.0,25.7717,26.9098,44.9,30.2472,19.1924,36.1,27.0667,25.626,36.1,27.0667,25.626
2015,Russia,33.1,24.9524,27.3326,43.9,29.3826,19.8591,35.5,26.3669,25.7365,35.5,26.3669,25.7365
2016,Russia,33.2,25.1923,27.3526,44.5,29.9651,19.4431,35.8,26.5753,25.6526,35.8,26.5753,25.6526
2017,Russia,31.8,24.3042,28.1672,43.5,28.9568,19.9681,34.699999999999996,25.9549,26.401399999999995,34.699999999999996,25.9549,26.401399999999995
2018,Russia,32.1,24.7063,28.0659,43.5,29.178,20.214699999999997,34.699999999999996,26.0889,26.362000000000002,34.699999999999996,26.0889,26.362000000000002
2019,Russia,32.300000000000004,25.162,28.134,43.9,29.7318,20.115099999999998,35.0,26.6744,26.2967,35.0,26.6744,26.2967
2006,Serbia,35.099999999999994,24.6132,25.8567,48.3,29.9951,15.997399999999999,37.1,25.7722,24.622300000000003,37.1,25.7722,24.622300000000003
2010,Serbia,32.9,23.7642,27.4513,52.0,31.8686,13.3468,34.5,24.0531,26.1538,34.5,24.0531,26.1538
2013,Serbia,34.8,25.5295,26.4048,53.800000000000004,34.1821,12.6116,36.7,26.5756,25.0864,36.7,26.5756,25.0864
2016,Serbia,32.800000000000004,23.4874,27.4739,50.2,31.1648,14.7637,34.4,25.0069,26.602800000000002,34.4,25.0069,26.602800000000002
1992,Slovakia,18.9,17.9236,37.071600000000004,40.2,24.8665,21.9009,20.200000000000003,18.5639,36.26090000000001,20.200000000000003,18.5639,36.26090000000001
1996,Slovakia,25.0,20.3127,33.0216,43.3,26.4517,19.5383,26.3,21.4176,32.3847,26.3,21.4176,32.3847
2004,Slovakia,26.900000000000002,21.7291,31.804299999999998,45.300000000000004,28.5053,18.502200000000002,27.1,22.0498,31.8183,27.1,22.0498,31.8183
2007,Slovakia,24.8,20.2614,32.9463,41.4,25.7454,21.1664,24.7,20.7599,33.4767,24.7,20.7599,33.4767
2010,Slovakia,26.400000000000002,21.0857,31.9845,43.0,26.735,19.9358,27.3,21.7654,31.632399999999997,27.3,21.7654,31.632399999999997
2013,Slovakia,27.1,21.5711,31.5583,42.9,27.2089,20.379599999999996,28.299999999999997,22.1084,30.8671,28.299999999999997,22.1084,30.8671
2014,Slovakia,24.6,19.4248,32.9687,39.6,24.3324,22.3134,26.0,20.2191,32.1293,26.0,20.2191,32.1293
2015,Slovakia,25.0,19.8749,32.7761,40.1,24.5259,21.914299999999997,26.6,20.9226,31.9298,26.6,20.9226,31.9298
2016,Slovakia,23.3,18.8518,33.8563,39.300000000000004,24.3006,22.4829,24.5,19.6962,33.2472,24.5,19.6962,33.2472
2017,Slovakia,21.9,17.6973,34.6077,37.8,22.6716,23.2815,23.200000000000003,18.4178,33.859899999999996,23.200000000000003,18.4178,33.859899999999996
2018,Slovakia,23.599999999999998,18.5348,33.419399999999996,38.7,22.8777,22.5392,24.9,19.5222,32.794799999999995,24.9,19.5222,32.794799999999995
1997,Slovenia,22.900000000000002,19.0881,34.1641,36.7,23.1763,24.466,24.099999999999998,20.2235,33.580799999999996,24.099999999999998,20.2235,33.580799999999996
1999,Slovenia,23.200000000000003,19.2984,34.053999999999995,37.3,23.5081,24.0319,24.0,20.2737,33.5844,24.0,20.2737,33.5844
2004,Slovenia,23.1,19.15,34.0466,39.7,24.0239,22.069200000000002,24.099999999999998,20.1637,33.4727,24.099999999999998,20.1637,33.4727
2007,Slovenia,23.0,18.7625,34.061,39.6,23.9062,21.9732,23.799999999999997,19.9462,33.7481,23.799999999999997,19.9462,33.7481
2010,Slovenia,25.3,19.6722,32.5404,41.6,24.5869,20.346199999999996,25.7,20.7325,32.5458,25.7,20.7325,32.5458
2012,Slovenia,27.1,21.0187,31.2578,45.0,27.0654,17.9777,27.3,22.0102,31.4807,27.3,22.0102,31.4807
2015,Slovenia,26.3,20.553,31.752,43.6,26.4205,19.058799999999998,26.5,21.3389,32.0433,26.5,21.3389,32.0433
2008,South Africa,65.8,51.7466,8.9496,75.4,60.0809,3.4534,69.69999999999999,55.9007,6.9863,69.69999999999999,55.9007,6.9863
2010,South Africa,66.7,54.1918,9.1007,75.9,61.5996,3.6275,73.9,63.0245,6.492699999999999,73.9,63.0245,6.492699999999999
2012,South Africa,62.2,47.8591,10.4489,72.5,56.3185,4.529,66.9,52.7038,8.3287,66.9,52.7038,8.3287
2015,South Africa,62.3,49.0023,10.868300000000001,71.7,56.7952,5.4036,67.5,54.5351,8.491999999999999,67.5,54.5351,8.491999999999999
2017,South Africa,61.9,48.2129,10.8538,70.89999999999999,55.5216,5.6579,67.10000000000001,53.7896,8.435500000000001,67.10000000000001,53.7896,8.435500000000001
2006,South Korea,29.9,21.907,29.274500000000003,32.300000000000004,22.8605,27.6768,31.4,23.7636,28.586399999999998,31.4,23.7636,28.586399999999998
2008,South Korea,30.8,22.4003,28.7654,33.6,23.6216,26.810000000000002,32.2,24.2923,28.1124,32.2,24.2923,28.1124
2010,South Korea,30.3,22.0121,29.0745,33.2,23.1603,27.1747,31.8,23.8445,28.281,31.8,23.8445,28.281
2012,South Korea,30.0,21.894,29.255200000000002,32.9,23.0515,27.3478,31.3,23.4914,28.5978,31.3,23.4914,28.5978
2014,South Korea,29.5,21.6525,29.5991,33.1,22.9951,27.216199999999997,31.0,23.4311,28.887299999999996,31.0,23.4311,28.887299999999996
2016,South Korea,29.799999999999997,21.9498,29.483,34.4,23.6002,26.3634,31.2,23.7874,28.7364,31.2,23.7874,28.7364
1980,Spain,31.900000000000002,24.2893,28.536700000000003,41.9,27.6738,21.3903,34.300000000000004,26.1422,26.837300000000003,34.300000000000004,26.1422,26.837300000000003
1985,Spain,31.5,24.7637,28.8286,43.6,29.101,20.3205,34.4,26.7482,27.0107,34.4,26.7482,27.0107
1990,Spain,30.2,23.3498,29.323,42.3,27.3103,20.9441,32.0,24.7898,28.3543,32.0,24.7898,28.3543
1995,Spain,35.8,26.4158,25.726300000000002,50.6,32.2653,14.9239,37.0,27.5986,25.1212,37.0,27.5986,25.1212
2000,Spain,33.7,25.2868,26.993100000000002,47.4,30.5306,17.3984,34.300000000000004,26.2856,26.895000000000003,34.300000000000004,26.2856,26.895000000000003
2004,Spain,32.1,23.4105,27.769,44.5,27.6132,18.757,33.7,25.0471,27.0835,33.7,25.0471,27.0835
2007,Spain,30.7,22.6893,28.7015,44.4,27.9597,19.0051,32.1,24.0637,28.0079,32.1,24.0637,28.0079
2010,Spain,33.7,23.8289,26.6817,49.6,30.1475,14.7179,35.099999999999994,25.0359,25.8975,35.099999999999994,25.0359,25.8975
2013,Spain,34.5,24.6767,26.1834,52.400000000000006,33.0779,13.279700000000002,36.4,26.0691,25.0379,36.4,26.0691,25.0379
2016,Spain,34.1,24.4585,26.508,51.800000000000004,32.8499,13.838000000000001,35.9,25.9268,25.5004,35.9,25.9268,25.5004
1975,Sweden,21.6,17.7271,34.8161,40.2,24.9302,21.8186,24.3,19.468,33.0167,24.3,19.468,33.0167
1981,Sweden,19.8,17.0102,36.239000000000004,41.3,24.6047,20.4259,22.900000000000002,18.3072,33.8624,22.900000000000002,18.3072,33.8624
1987,Sweden,21.2,17.7505,35.346,43.1,25.866,19.175399999999996,23.1,18.9271,33.9336,23.1,18.9271,33.9336
1992,Sweden,22.900000000000002,18.9364,34.2844,46.2,27.4078,16.444200000000002,25.0,20.0965,32.6732,25.0,20.0965,32.6732
1995,Sweden,22.1,18.923,35.132400000000004,46.7,28.371,16.3872,25.3,20.0725,32.4494,25.3,20.0725,32.4494
2000,Sweden,25.3,21.0148,32.8959,45.6,29.2912,18.294800000000002,27.1,21.8797,31.565099999999997,27.1,21.8797,31.565099999999997
2005,Sweden,23.7,19.9365,33.7864,44.4,28.1387,18.8656,25.900000000000002,21.1845,32.3608,25.900000000000002,21.1845,32.3608
1982,Switzerland,31.6,26.5853,29.527099999999997,39.900000000000006,30.2788,24.2522,35.3,27.6759,26.560000000000002,35.3,27.6759,26.560000000000002
1992,Switzerland,31.0,24.0073,29.4131,38.9,28.1031,24.3594,35.0,26.1572,26.3839,35.0,26.1572,26.3839
2000,Switzerland,28.1,22.676,31.0228,35.099999999999994,25.1834,26.3744,33.2,25.4853,27.5407,33.2,25.4853,27.5407
2002,Switzerland,27.3,21.6683,31.2821,34.599999999999994,24.4154,26.4009,31.8,24.1071,28.0591,31.8,24.1071,28.0591
2004,Switzerland,26.700000000000003,21.1558,31.824,34.599999999999994,23.8749,26.265500000000003,31.900000000000002,24.1457,28.005799999999997,31.900000000000002,24.1457,28.005799999999997
2006,Switzerland,30.0,23.8888,29.7863,36.4,26.2657,25.4913,33.900000000000006,25.8009,26.9875,33.900000000000006,25.8009,26.9875
2007,Switzerland,30.8,24.7486,29.430799999999998,37.3,27.1625,25.0473,34.300000000000004,26.6863,26.877,34.300000000000004,26.6863,26.877
2008,Switzerland,30.599999999999998,24.4365,29.4325,37.3,26.8012,24.878,34.2,26.6105,27.003999999999998,34.2,26.6105,27.003999999999998
2009,Switzerland,29.7,23.8133,29.9985,36.9,26.4488,25.1132,33.1,25.8909,27.6462,33.1,25.8909,27.6462
2010,Switzerland,29.7,23.5538,29.981099999999998,37.4,26.7839,24.7866,32.800000000000004,25.6279,27.862,32.800000000000004,25.6279,27.862
2011,Switzerland,28.9,22.9625,30.3675,36.6,25.949,25.1808,32.0,24.8777,28.3009,32.0,24.8777,28.3009
2012,Switzerland,28.599999999999998,23.2558,30.743000000000002,36.7,26.2523,25.223300000000002,31.900000000000002,25.2658,28.5048,31.900000000000002,25.2658,28.5048
2013,Switzerland,29.599999999999998,24.1472,30.1888,38.6,27.5986,24.1396,32.800000000000004,25.791,27.8491,32.800000000000004,25.791,27.8491
2014,Switzerland,29.9,24.1758,29.9591,38.2,27.2627,24.2012,33.0,25.9552,27.7779,33.0,25.9552,27.7779
2015,Switzerland,29.7,23.944,30.043,38.7,27.4494,23.942999999999998,32.800000000000004,25.6219,27.869699999999998,32.800000000000004,25.6219,27.869699999999998
2016,Switzerland,30.099999999999998,24.1407,29.867200000000004,39.2,27.8028,23.6916,33.300000000000004,25.9516,27.633899999999997,33.300000000000004,25.9516,27.633899999999997
2017,Switzerland,30.099999999999998,24.2678,29.8744,38.5,27.3039,24.0936,33.2,25.96,27.7369,33.2,25.96,27.7369
2018,Switzerland,30.099999999999998,24.0102,29.714,39.300000000000004,28.0477,23.6909,32.800000000000004,25.3028,27.8065,32.800000000000004,25.3028,27.8065
1968,United Kingdom,24.5,20.3643,33.138,33.2,23.3375,27.3337,27.1,22.391,31.557699999999997,27.1,22.391,31.557699999999997
1969,United Kingdom,25.2,21.0276,32.8012,34.4,24.3848,26.753999999999998,28.000000000000004,23.0175,31.0576,28.000000000000004,23.0175,31.0576
1970,United Kingdom,25.4,20.8971,32.6678,34.300000000000004,24.1096,26.830399999999997,28.299999999999997,23.1133,30.83,28.299999999999997,23.1133,30.83
1971,United Kingdom,26.400000000000002,21.6532,31.9953,35.699999999999996,24.7339,25.8153,29.5,23.8744,30.059399999999997,29.5,23.8744,30.059399999999997
1972,United Kingdom,25.8,20.6855,32.2044,34.9,23.6012,26.1258,28.799999999999997,22.9016,30.381,28.799999999999997,22.9016,30.381
1973,United Kingdom,26.0,21.3197,32.1887,35.6,24.4486,25.8398,28.799999999999997,23.3502,30.42,28.799999999999997,23.3502,30.42
1974,United Kingdom,26.1,21.378,32.1363,36.0,24.4217,25.5047,28.999999999999996,23.4805,30.410999999999998,28.999999999999996,23.4805,30.410999999999998
1975,United Kingdom,24.9,20.2976,32.7707,35.8,23.757,25.4708,27.900000000000002,22.6064,30.9773,27.900000000000002,22.6064,30.9773
1976,United Kingdom,24.9,20.4762,32.7003,37.0,23.9704,24.467100000000002,27.6,22.2456,31.032,27.6,22.2456,31.032
1977,United Kingdom,24.5,20.1621,32.9263,36.8,23.7555,24.6714,27.200000000000003,21.962,31.4066,27.200000000000003,21.962,31.4066
1978,United Kingdom,25.0,20.219,32.458,37.6,23.9362,23.8913,27.3,21.9151,31.2223,27.3,21.9151,31.2223
1979,United Kingdom,25.2,20.1175,32.3129,37.5,23.6833,23.8767,27.500000000000004,21.9943,31.158,27.500000000000004,21.9943,31.158
1980,United Kingdom,26.200000000000003,21.0517,31.8926,38.7,24.8619,23.3018,28.499999999999996,22.8846,30.6622,28.499999999999996,22.8846,30.6622
1981,United Kingdom,26.900000000000002,21.5498,31.3426,40.9,25.9344,21.5302,29.599999999999998,23.5353,29.9054,29.599999999999998,23.5353,29.9054
1982,United Kingdom,27.3,21.8653,31.087600000000002,43.1,26.734,19.9238,29.9,23.6806,29.644800000000004,29.9,23.6806,29.644800000000004
1983,United Kingdom,27.200000000000003,21.8238,31.1627,43.1,26.7342,19.9253,29.799999999999997,23.6385,29.724099999999996,29.799999999999997,23.6385,29.724099999999996
1984,United Kingdom,27.0,21.4469,31.2133,43.2,26.3965,19.608200000000004,29.2,23.222,30.112099999999998,29.2,23.222,30.112099999999998
1985,United Kingdom,28.499999999999996,22.3688,30.143700000000003,44.4,27.3293,18.7643,30.5,23.8397,29.238699999999998,30.5,23.8397,29.238699999999998
1986,United Kingdom,29.799999999999997,23.4943,29.4816,45.5,28.5958,18.2392,31.8,25.1819,28.5592,31.8,25.1819,28.5592
1987,United Kingdom,31.4,24.5331,28.487900000000003,46.9,30.1082,17.5909,33.6,26.4561,27.435000000000002,33.6,26.4561,27.435000000000002
1988,United Kingdom,32.300000000000004,25.0442,27.9788,45.9,29.5899,18.4484,34.2,26.7748,27.1483,34.2,26.7748,27.1483
1989,United Kingdom,31.5,23.9301,28.198900000000002,44.800000000000004,28.1067,18.7333,33.4,25.6888,27.323099999999997,33.4,25.6888,27.323099999999997
1990,United Kingdom,33.300000000000004,25.4044,27.1724,46.400000000000006,30.0251,18.0502,35.699999999999996,27.4417,25.9284,35.699999999999996,27.4417,25.9284
1991,United Kingdom,32.9,24.7892,27.4419,46.7,29.684,17.5718,35.0,26.7128,26.366699999999998,35.0,26.7128,26.366699999999998
1992,United Kingdom,32.5,24.5592,27.5815,47.9,30.0361,16.4022,35.0,26.6068,26.355400000000003,35.0,26.6068,26.355400000000003
1993,United Kingdom,32.7,24.7732,27.520799999999998,49.0,30.8009,15.7627,35.099999999999994,26.8287,26.3361,35.099999999999994,26.8287,26.3361
1994,United Kingdom,34.1,26.2475,26.8478,50.9,32.0054,14.367099999999999,35.9,27.7332,25.9418,35.9,27.7332,25.9418
1995,United Kingdom,33.7,25.9065,26.976399999999998,51.1,32.0891,14.076,35.6,27.3265,26.1154,35.6,27.3265,26.1154
1996,United Kingdom,33.4,25.6795,27.2033,50.3,31.7261,14.8102,35.199999999999996,27.1307,26.314300000000003,35.199999999999996,27.1307,26.314300000000003
1997,United Kingdom,33.7,25.9363,27.1237,49.5,31.702,15.5949,35.699999999999996,27.4887,26.101499999999998,35.699999999999996,27.4887,26.101499999999998
1998,United Kingdom,34.4,26.5976,26.644600000000004,50.5,32.6255,15.0745,36.4,28.2316,25.7461,36.4,28.2316,25.7461
1999,United Kingdom,34.8,27.0335,26.5824,50.7,32.8913,15.0049,36.6,28.5236,25.6456,36.6,28.5236,25.6456
2000,United Kingdom,36.199999999999996,28.7336,26.0609,52.1,35.5839,14.9452,37.8,29.9714,25.2302,37.8,29.9714,25.2302
2001,United Kingdom,35.099999999999994,27.7363,26.648,50.9,34.0674,15.405999999999999,36.9,29.1079,25.640100000000004,36.9,29.1079,25.640100000000004
2002,United Kingdom,33.300000000000004,26.2588,27.626599999999996,49.3,32.2887,16.0106,35.099999999999994,27.6673,26.683600000000002,35.099999999999994,27.6673,26.683600000000002
2003,United Kingdom,32.800000000000004,25.7318,27.843600000000002,49.5,32.2186,15.8112,34.699999999999996,27.1752,26.7889,34.699999999999996,27.1752,26.7889
2004,United Kingdom,32.7,25.841,28.0375,49.4,32.2898,15.924799999999998,34.8,27.283,26.7728,34.8,27.283,26.7728
2005,United Kingdom,33.4,26.3386,27.569300000000002,50.1,32.8792,15.4827,35.3,27.687,26.4798,35.3,27.687,26.4798
2006,United Kingdom,33.900000000000006,26.7607,27.3653,50.2,33.371,15.6665,35.8,28.1397,26.3065,35.8,28.1397,26.3065
2007,United Kingdom,32.7,25.3609,27.8291,48.9,31.3678,16.0051,34.4,26.5459,26.8054,34.4,26.5459,26.8054
2008,United Kingdom,33.0,25.7974,27.7358,49.7,32.4525,15.707699999999999,35.0,27.113,26.5225,35.0,27.113,26.5225
2009,United Kingdom,33.1,26.1325,27.744799999999998,50.9,33.4344,14.9744,34.8,27.0498,26.6548,34.8,27.0498,26.6548
2010,United Kingdom,31.900000000000002,25.2201,28.495800000000003,50.1,32.3267,15.124200000000002,33.7,26.3877,27.363599999999998,33.7,26.3877,27.363599999999998
2011,United Kingdom,31.3,24.5043,28.7431,49.1,31.4059,15.718,33.2,25.886,27.5722,33.2,25.886,27.5722
2012,United Kingdom,31.2,24.676,28.8983,49.9,32.4147,15.408999999999999,33.1,25.6784,27.635400000000004,33.1,25.6784,27.635400000000004
2013,United Kingdom,30.3,23.6753,29.1962,48.4,30.805,16.0728,32.7,25.2647,27.751,32.7,25.2647,27.751
2014,United Kingdom,31.3,24.5103,28.7073,48.6,31.5883,16.2857,33.1,25.5529,27.5453,33.1,25.5529,27.5453
2015,United Kingdom,31.5,24.5474,28.6159,48.9,31.7673,16.1083,33.300000000000004,25.7186,27.403000000000002,33.300000000000004,25.7186,27.403000000000002
2016,United Kingdom,31.1,24.2125,28.7891,48.199999999999996,31.6701,16.713,33.1,25.4166,27.5882,33.1,25.4166,27.5882
2017,United Kingdom,31.0,23.9299,28.8214,47.5,30.605,16.906100000000002,32.6,24.9475,27.7986,32.6,24.9475,27.7986
2018,United Kingdom,31.7,24.6179,28.4884,47.9,31.2928,16.9298,33.7,25.8622,27.171599999999998,33.7,25.8622,27.171599999999998
2019,United Kingdom,31.1,23.9159,28.7192,46.9,30.7004,17.5428,32.800000000000004,25.1143,27.689500000000002,32.800000000000004,25.1143,27.689500000000002
2020,United Kingdom,30.5,23.7353,29.229599999999998,47.4,30.6593,17.171,32.800000000000004,25.0148,27.724,32.800000000000004,25.0148,27.724
1974,United States,31.7,23.0013,28.207099999999997,40.699999999999996,26.8937,22.0736,35.6,26.1275,25.7677,35.6,26.1275,25.7677
1979,United States,31.7,23.0161,28.106900000000003,42.199999999999996,27.5011,20.7847,35.4,25.8759,25.8398,35.4,25.8759,25.8398
1980,United States,31.4,22.7077,28.165799999999997,42.699999999999996,27.4916,20.3021,35.4,25.7333,25.788399999999996,35.4,25.7333,25.788399999999996
1981,United States,32.2,23.1325,27.6372,43.4,27.9497,19.7879,36.3,26.3088,25.202,36.3,26.3088,25.202
1982,United States,33.5,23.9268,26.7613,44.7,28.8752,18.977,37.5,26.9907,24.4298,37.5,26.9907,24.4298
1983,United States,34.2,24.2271,26.2269,45.1,29.0468,18.6117,38.1,27.1608,23.973799999999997,38.1,27.1608,23.973799999999997
1984,United States,34.4,24.4961,26.156599999999997,44.6,28.9648,19.068199999999997,38.2,27.3158,23.9179,38.2,27.3158,23.9179
1985,United States,34.599999999999994,24.7277,26.073300000000003,45.0,29.4512,18.962,38.3,27.4681,23.8614,38.3,27.4681,23.8614
1986,United States,34.699999999999996,24.6624,25.957,45.2,29.6675,18.8079,38.3,27.3842,23.8643,38.3,27.3842,23.8643
1987,United States,33.900000000000006,24.1899,26.4373,44.9,29.5649,19.0428,37.3,26.5948,24.4383,37.3,26.5948,24.4383
1988,United States,34.4,24.6327,26.2004,45.1,29.7869,18.9788,37.8,27.1834,24.1625,37.8,27.1834,24.1625
1989,United States,34.699999999999996,25.1991,26.107799999999997,45.4,30.4608,18.9715,38.3,27.7921,23.968400000000003,38.3,27.7921,23.968400000000003
1990,United States,34.5,25.0387,26.209699999999998,45.300000000000004,30.1836,19.0014,38.3,27.6971,23.8872,38.3,27.6971,23.8872
1991,United States,34.5,24.8852,26.168200000000002,45.6,30.0286,18.5066,38.1,27.5508,24.022199999999998,38.1,27.5508,24.022199999999998
1992,United States,35.099999999999994,25.3133,25.8118,46.400000000000006,30.6291,18.0212,38.4,27.7689,23.833099999999998,38.4,27.7689,23.833099999999998
1993,United States,37.3,27.552,24.7571,48.9,33.2302,16.8375,40.400000000000006,29.7137,22.836199999999998,40.400000000000006,29.7137,22.836199999999998
1994,United States,36.9,27.4272,25.0297,48.699999999999996,33.2158,17.059,40.0,29.6169,23.163199999999996,40.0,29.6169,23.163199999999996
1995,United States,36.5,27.3772,25.3686,48.199999999999996,33.1863,17.4788,39.800000000000004,29.6468,23.3595,39.800000000000004,29.6468,23.3595
1996,United States,36.8,27.5936,25.1722,48.3,33.3667,17.4133,40.300000000000004,30.0009,23.0919,40.300000000000004,30.0009,23.0919
1997,United States,37.2,27.9997,25.004200000000004,48.6,33.6977,17.3708,40.6,30.3901,23.008399999999998,40.6,30.3901,23.008399999999998
1998,United States,36.7,27.361,25.2537,48.0,33.2547,17.6772,40.0,29.7758,23.282000000000004,40.0,29.7758,23.282000000000004
1999,United States,36.7,27.4688,25.2479,48.0,33.5309,17.7013,40.0,29.9143,23.2539,40.0,29.9143,23.2539
2000,United States,37.0,27.9781,25.2639,48.0,33.7796,17.8574,40.1,30.2525,23.3325,40.1,30.2525,23.3325
2001,United States,37.4,28.2801,24.9471,48.6,34.0619,17.462400000000002,40.6,30.6284,23.0831,40.6,30.6284,23.0831
2002,United States,37.3,27.8396,24.8635,48.4,33.473,17.3726,40.400000000000006,30.1297,23.056,40.400000000000006,30.1297,23.056
2003,United States,37.9,28.1077,24.4,48.699999999999996,33.4313,17.0441,40.8,30.2632,22.714100000000002,40.8,30.2632,22.714100000000002
2004,United States,37.4,27.8463,24.813499999999998,48.8,33.6594,17.098599999999998,40.300000000000004,30.1413,23.155,40.300000000000004,30.1413,23.155
2005,United States,38.4,28.8798,24.367599999999996,49.1,34.2329,17.039299999999997,41.0,30.8149,22.8103,41.0,30.8149,22.8103
2006,United States,38.9,29.2553,24.0075,49.1,34.2448,17.0232,41.6,31.2314,22.4501,41.6,31.2314,22.4501
2007,United States,38.1,28.2273,24.379199999999997,48.3,33.2225,17.353099999999998,41.0,30.4944,22.677,41.0,30.4944,22.677
2008,United States,38.0,28.3311,24.399900000000002,49.2,33.8557,16.7549,40.8,30.3346,22.7425,40.8,30.3346,22.7425
2009,United States,37.6,28.1297,24.7191,50.4,34.431,15.8462,40.699999999999996,30.4122,22.8822,40.699999999999996,30.4122,22.8822
2010,United States,37.0,27.0515,24.7959,50.5,34.0117,15.593300000000001,40.0,29.3028,22.9985,40.0,29.3028,22.9985
2011,United States,38.1,28.1031,24.240000000000002,51.300000000000004,35.172,15.3243,40.9,30.2158,22.524900000000002,40.9,30.2158,22.524900000000002
2012,United States,38.1,28.0886,24.173000000000002,51.2,34.9732,15.3494,40.9,30.2778,22.5402,40.9,30.2778,22.5402
2013,United States,37.9,28.0529,24.3433,50.8,34.7959,15.6206,40.6,30.0497,22.6988,40.6,30.0497,22.6988
2014,United States,38.4,28.7365,24.272499999999997,50.8,34.7713,15.5703,41.5,30.6898,22.2556,41.5,30.6898,22.2556
2015,United States,38.1,28.5407,24.4301,50.7,34.7551,15.706700000000001,41.199999999999996,30.5267,22.44,41.199999999999996,30.5267,22.44
2016,United States,38.3,28.5059,24.2504,50.7,35.1121,15.856200000000001,41.099999999999994,30.4586,22.4775,41.099999999999994,30.4586,22.4775
2017,United States,38.4,28.2573,24.0406,50.6,34.8198,15.866600000000002,41.199999999999996,30.3005,22.3381,41.199999999999996,30.3005,22.3381
2018,United States,38.9,28.9637,23.9071,50.6,35.3419,16.049300000000002,41.4,30.7892,22.339100000000002,41.4,30.7892,22.339100000000002
2019,United States,39.1,29.1839,23.725499999999997,50.5,35.3468,16.1476,41.5,30.8091,22.2115,41.5,30.8091,22.2115
2020,United States,37.4,27.9488,24.809600000000003,52.1,36.0805,14.959800000000001,39.7,29.5345,23.3341,39.7,29.5345,23.3341
2004,Uruguay,43.5,33.534,21.381899999999998,52.5,38.9916,15.907399999999999,47.199999999999996,35.4039,18.860400000000002,47.199999999999996,35.4039,18.860400000000002
2005,Uruguay,42.4,32.5436,22.049599999999998,52.1,37.917,15.843800000000002,45.9,34.4386,19.6351,45.9,34.4386,19.6351
2006,Uruguay,43.1,33.5544,21.7503,53.6,39.1772,14.861600000000001,46.5,35.4935,19.5262,46.5,35.4935,19.5262
2007,Uruguay,43.0,33.5286,21.795,53.400000000000006,38.8545,14.9286,46.800000000000004,35.8226,19.2893,46.800000000000004,35.8226,19.2893
2008,Uruguay,42.8,33.2221,21.8782,52.1,38.118,15.8483,45.800000000000004,34.7139,19.8134,45.800000000000004,34.7139,19.8134
2009,Uruguay,42.1,32.6547,22.288399999999996,51.9,37.6326,15.8581,45.5,34.7289,20.0618,45.5,34.7289,20.0618
2010,Uruguay,40.8,31.7119,23.1109,50.9,36.6445,16.4014,44.5,33.9888,20.7835,44.5,33.9888,20.7835
2011,Uruguay,38.4,29.6924,24.374200000000002,48.0,33.9013,17.8788,42.199999999999996,31.5836,21.968600000000002,42.199999999999996,31.5836,21.968600000000002
2012,Uruguay,35.8,26.9226,25.609299999999998,45.5,30.7228,18.9294,39.900000000000006,29.5492,23.0099,39.900000000000006,29.5492,23.0099
2013,Uruguay,37.4,28.5565,24.884,46.800000000000004,32.3934,18.3415,40.8,30.6294,22.6631,40.8,30.6294,22.6631
2014,Uruguay,36.7,28.1089,25.286299999999997,46.300000000000004,31.9462,18.6671,40.300000000000004,30.2838,23.1131,40.300000000000004,30.2838,23.1131
2015,Uruguay,36.9,28.1783,25.155800000000003,46.800000000000004,32.2803,18.3171,40.5,29.8538,22.7833,40.5,29.8538,22.7833
2016,Uruguay,36.5,28.0171,25.4973,46.400000000000006,32.01,18.5895,40.2,30.2615,23.1164,40.2,30.2615,23.1164
2017,Uruguay,36.6,28.3566,25.4929,46.9,32.7214,18.4727,39.900000000000006,30.219,23.2965,39.900000000000006,30.219,23.2965
2018,Uruguay,36.7,28.2669,25.4279,47.0,32.578,18.4932,40.2,30.2887,23.0876,40.2,30.2887,23.0876
2019,Uruguay,36.7,28.2375,25.3472,47.3,32.4527,18.0609,40.2,30.2056,23.196999999999996,40.2,30.2056,23.196999999999996
2005,Vietnam,36.9,29.5344,25.6664,37.8,30.1981,25.1617,37.7,30.2498,25.1872,37.7,30.2498,25.1872
2007,Vietnam,40.1,32.6838,24.0117,41.199999999999996,33.3496,23.4431,40.9,33.2782,23.5695,40.9,33.2782,23.5695
2009,Vietnam,39.800000000000004,31.7844,24.009900000000002,40.9,32.5185,23.4103,41.0,32.6381,23.291800000000002,41.0,32.6381,23.291800000000002
2011,Vietnam,36.4,28.374,25.6993,37.8,29.1024,24.8924,37.1,29.0382,25.342900000000004,37.1,29.0382,25.342900000000004
2013,Vietnam,35.0,26.9327,26.429000000000002,36.199999999999996,27.4199,25.6054,35.4,27.1568,26.2584,35.4,27.1568,26.2584
